city,label,series,station,date,actual_high_f,bucket_count,snapshot_count,close_time,final_time,final_expected_high_f,final_abs_error_f,final_actual_bucket_probability,final_modal_bucket,final_modal_probability,final_actual_inside_modal,final_raw_probability_sum,t_minus_24h_time,t_minus_24h_expected_high_f,t_minus_24h_abs_error_f,t_minus_24h_actual_bucket_probability,t_minus_24h_modal_bucket,t_minus_24h_modal_probability,t_minus_24h_actual_inside_modal,t_minus_24h_raw_probability_sum,t_minus_48h_time,t_minus_48h_expected_high_f,t_minus_48h_abs_error_f,t_minus_48h_actual_bucket_probability,t_minus_48h_modal_bucket,t_minus_48h_modal_probability,t_minus_48h_actual_inside_modal,t_minus_48h_raw_probability_sum
nyc,New York City / Central Park,KXHIGHNY,USW00094728,2026-03-01,43.0,6,39,2026-03-02T04:59:00Z,2026-03-02T04:00:00Z,42.47058823529412,0.5294117647058769,0.9754901960784313,42-43F,0.9754901960784313,True,1.02,2026-03-01T05:00:00Z,42.751207729468604,0.2487922705313963,0.8357487922705314,42-43F,0.8357487922705314,True,1.035,2026-02-28T16:00:00Z,39.851219512195115,3.148780487804885,0.15121951219512192,40-41F,0.3219512195121951,False,1.0250000000000001
nyc,New York City / Central Park,KXHIGHNY,USW00094728,2026-03-02,33.0,6,38,2026-03-03T04:59:00Z,2026-03-03T04:00:00Z,32.470588235294116,0.529411764705884,0.9754901960784313,32-33F,0.9754901960784313,True,1.02,2026-03-02T05:00:00Z,32.89949748743719,0.10050251256281229,0.407035175879397,32-33F,0.407035175879397,True,0.995,2026-03-01T16:00:00Z,32.339999999999996,0.6600000000000037,0.33499999999999996,32-33F,0.33499999999999996,True,1.0
nyc,New York City / Central Park,KXHIGHNY,USW00094728,2026-03-03,36.0,6,39,2026-03-04T04:59:00Z,2026-03-04T04:00:00Z,38.16019417475728,2.1601941747572795,0.9563106796116504,<39F,0.9563106796116504,True,1.03,2026-03-03T05:00:00Z,40.64572864321608,4.645728643216081,0.19597989949748743,39-40F,0.3316582914572864,False,0.9950000000000001,2026-03-02T16:00:00Z,40.82843137254902,4.828431372549019,0.19607843137254902,39-40F,0.30392156862745096,False,1.02
nyc,New York City / Central Park,KXHIGHNY,USW00094728,2026-03-04,49.0,6,39,2026-03-05T04:59:00Z,2026-03-05T04:00:00Z,48.588235294117645,0.41176470588235503,0.9754901960784313,48-49F,0.9754901960784313,True,1.02,2026-03-04T05:00:00Z,49.71226415094339,0.7122641509433905,0.3443396226415094,48-49F,0.3443396226415094,True,1.06,2026-03-03T16:00:00Z,50.185365853658546,1.1853658536585456,0.27804878048780496,50-51F,0.3463414634146342,False,1.025
nyc,New York City / Central Park,KXHIGHNY,USW00094728,2026-03-05,46.0,6,36,2026-03-06T04:59:00Z,2026-03-06T04:00:00Z,45.470588235294116,0.529411764705884,0.9754901960784313,45-46F,0.9754901960784313,True,1.02,2026-03-05T05:00:00Z,45.90104166666667,0.0989583333333286,0.78125,45-46F,0.78125,True,0.96,2026-03-04T16:00:00Z,43.03299492385787,2.9670050761421294,0.1472081218274112,43-44F,0.3197969543147208,False,0.985
nyc,New York City / Central Park,KXHIGHNY,USW00094728,2026-03-06,41.0,6,38,2026-03-07T04:59:00Z,2026-03-07T04:00:00Z,41.588235294117645,0.588235294117645,0.9754901960784313,41-42F,0.9754901960784313,True,1.02,2026-03-06T05:00:00Z,42.374396135265705,1.3743961352657053,0.41545893719806765,41-42F,0.41545893719806765,True,1.035,2026-03-05T16:00:00Z,42.36010362694301,1.3601036269430082,0.37823834196891193,41-42F,0.37823834196891193,True,0.965
nyc,New York City / Central Park,KXHIGHNY,USW00094728,2026-03-07,52.0,6,38,2026-03-08T04:59:00Z,2026-03-08T04:00:00Z,51.173575129533674,0.826424870466326,0.27461139896373055,50-51F,0.694300518134715,False,0.9650000000000001,2026-03-07T05:00:00Z,51.23399014778325,0.7660098522167473,0.22660098522167488,<50F,0.3497536945812808,False,1.015,2026-03-06T16:00:00Z,50.898009950248756,1.1019900497512438,0.23383084577114424,<50F,0.39303482587064675,False,1.0050000000000001
nyc,New York City / Central Park,KXHIGHNY,USW00094728,2026-03-08,69.0,6,38,2026-03-09T04:59:00Z,2026-03-09T04:00:00Z,68.41176470588235,0.5882352941176521,0.9754901960784313,68-69F,0.9754901960784313,True,1.02,2026-03-08T05:00:00Z,65.29601990049751,3.7039800995024876,0.11940298507462685,64-65F,0.36815920398009944,False,1.0050000000000001,2026-03-07T16:00:00Z,63.77586206896551,5.224137931034491,0.07389162561576355,62-63F,0.270935960591133,False,1.0150000000000001
nyc,New York City / Central Park,KXHIGHNY,USW00094728,2026-03-09,73.0,6,39,2026-03-10T03:59:00Z,2026-03-10T03:00:00Z,70.86764705882354,2.132352941176464,0.9754901960784313,>70F,0.9754901960784313,True,1.02,2026-03-09T04:00:00Z,68.68656716417911,4.31343283582089,0.208955223880597,69-70F,0.39303482587064675,False,1.0050000000000001,2026-03-08T15:00:00Z,66.14795918367348,6.852040816326522,0.09183673469387756,65-66F,0.22959183673469388,False,0.98
nyc,New York City / Central Park,KXHIGHNY,USW00094728,2026-03-10,80.0,6,38,2026-03-11T03:59:00Z,2026-03-11T03:00:00Z,73.86764705882354,6.132352941176464,0.9754901960784313,>73F,0.9754901960784313,True,1.02,2026-03-10T04:00:00Z,72.83004926108376,7.169950738916242,0.5960591133004927,>73F,0.5960591133004927,True,1.015,2026-03-09T15:00:00Z,71.04591836734693,8.954081632653072,0.22959183673469385,70-71F,0.2857142857142857,False,0.9800000000000001
nyc,New York City / Central Park,KXHIGHNY,USW00094728,2026-03-11,72.0,6,38,2026-03-12T03:59:00Z,2026-03-12T03:00:00Z,72.41176470588235,0.4117647058823479,0.9754901960784313,72-73F,0.9754901960784313,True,1.02,2026-03-11T04:00:00Z,69.55381165919283,2.4461883408071685,0.11659192825112108,68-69F,0.43946188340807174,False,1.115,2026-03-10T15:00:00Z,67.22857142857143,4.771428571428572,0.04285714285714285,<66F,0.3952380952380952,False,1.05
nyc,New York City / Central Park,KXHIGHNY,USW00094728,2026-03-12,63.0,6,37,2026-03-13T03:59:00Z,2026-03-13T03:00:00Z,63.13235294117647,0.132352941176471,0.9754901960784313,<64F,0.9754901960784313,True,1.02,2026-03-12T04:00:00Z,63.64663461538461,0.6466346153846132,0.7596153846153846,<64F,0.7596153846153846,True,1.04,2026-03-11T15:00:00Z,66.39322916666666,3.393229166666657,0.24479166666666663,66-67F,0.2864583333333333,False,0.9600000000000001
nyc,New York City / Central Park,KXHIGHNY,USW00094728,2026-03-13,42.0,6,38,2026-03-14T03:59:00Z,2026-03-14T03:00:00Z,44.26600985221674,2.2660098522167402,0.8866995073891625,<45F,0.8866995073891625,True,1.0150000000000001,2026-03-13T04:00:00Z,46.45673076923077,4.4567307692307665,0.30288461538461536,<45F,0.30288461538461536,True,1.04,2026-03-12T15:00:00Z,47.512135922330096,5.512135922330096,0.16019417475728157,47-48F,0.3640776699029126,False,1.03
nyc,New York City / Central Park,KXHIGHNY,USW00094728,2026-03-14,51.0,6,38,2026-03-15T03:59:00Z,2026-03-15T03:00:00Z,51.52941176470588,0.5294117647058769,0.9754901960784313,51-52F,0.9754901960784313,True,1.02,2026-03-14T04:00:00Z,51.13333333333333,0.13333333333333286,0.37142857142857144,51-52F,0.37142857142857144,True,1.05,2026-03-13T15:00:00Z,51.98611111111111,0.9861111111111072,0.2824074074074074,51-52F,0.2824074074074074,True,1.08
nyc,New York City / Central Park,KXHIGHNY,USW00094728,2026-03-15,48.0,6,38,2026-03-16T03:59:00Z,2026-03-16T03:00:00Z,49.131578947368425,1.1315789473684248,0.3105263157894737,49-50F,0.5789473684210527,False,0.9500000000000001,2026-03-15T04:00:00Z,47.98514851485148,0.014851485148518861,0.34158415841584155,<47F,0.34158415841584155,False,1.01,2026-03-14T15:00:00Z,48.272058823529406,0.2720588235294059,0.30392156862745096,<47F,0.31862745098039214,False,1.02
nyc,New York City / Central Park,KXHIGHNY,USW00094728,2026-03-16,57.0,6,38,2026-03-17T03:59:00Z,2026-03-17T03:00:00Z,57.60891089108911,0.6089108910891099,0.9653465346534653,57-58F,0.9653465346534653,True,1.01,2026-03-16T04:00:00Z,61.09047619047619,4.090476190476188,0.047619047619047616,61-62F,0.2761904761904762,False,1.05,2026-03-15T15:00:00Z,60.83902439024389,3.8390243902438925,0.10243902439024388,61-62F,0.28780487804878047,False,1.0250000000000001
nyc,New York City / Central Park,KXHIGHNY,USW00094728,2026-03-17,48.0,6,39,2026-03-18T03:59:00Z,2026-03-18T03:00:00Z,55.132352941176464,7.132352941176464,0.9754901960784313,<56F,0.9754901960784313,True,1.02,2026-03-17T04:00:00Z,55.69711538461538,7.69711538461538,0.8269230769230769,<56F,0.8269230769230769,True,1.04,2026-03-16T15:00:00Z,56.66019417475728,8.66019417475728,0.587378640776699,<56F,0.587378640776699,True,1.03
nyc,New York City / Central Park,KXHIGHNY,USW00094728,2026-03-18,37.0,6,39,2026-03-19T04:59:00Z,2026-03-19T04:00:00Z,37.588235294117645,0.588235294117645,0.9754901960784313,37-38F,0.9754901960784313,True,1.02,2026-03-18T05:00:00Z,38.32281553398058,1.322815533980581,0.36893203883495146,37-38F,0.36893203883495146,True,1.03,2026-03-17T15:00:00Z,39.04567307692308,2.04567307692308,0.1875,39-40F,0.2836538461538462,False,1.04
nyc,New York City / Central Park,KXHIGHNY,USW00094728,2026-03-19,44.0,6,39,2026-03-20T04:59:00Z,2026-03-20T04:00:00Z,43.588235294117645,0.41176470588235503,0.9754901960784313,43-44F,0.9754901960784313,True,1.02,2026-03-19T05:00:00Z,44.904761904761905,0.9047619047619051,0.26666666666666666,45-46F,0.30952380952380953,False,1.05,2026-03-18T15:00:00Z,44.962790697674414,0.9627906976744143,0.25581395348837205,45-46F,0.27906976744186046,False,1.0750000000000002
nyc,New York City / Central Park,KXHIGHNY,USW00094728,2026-03-20,57.0,6,40,2026-03-21T04:59:00Z,2026-03-21T04:00:00Z,57.470588235294116,0.470588235294116,0.9754901960784313,57-58F,0.9754901960784313,True,1.02,2026-03-20T05:00:00Z,56.30193236714975,0.6980676328502469,0.25603864734299514,55-56F,0.38164251207729466,False,1.0350000000000001,2026-03-19T15:00:00Z,57.321782178217816,0.3217821782178163,0.2524752475247525,57-58F,0.2524752475247525,True,1.01
nyc,New York City / Central Park,KXHIGHNY,USW00094728,2026-03-21,59.0,6,40,2026-03-22T04:59:00Z,2026-03-22T04:00:00Z,59.41176470588235,0.4117647058823479,0.9754901960784313,59-60F,0.9754901960784313,True,1.02,2026-03-21T05:00:00Z,57.0,2.0,0.19902912621359226,57-58F,0.4077669902912621,False,1.03,2026-03-20T15:00:00Z,57.157534246575345,1.842465753424655,0.24200913242009134,59-60F,0.24200913242009134,True,1.095
nyc,New York City / Central Park,KXHIGHNY,USW00094728,2026-03-22,63.0,6,39,2026-03-23T04:59:00Z,2026-03-23T04:00:00Z,62.588235294117645,0.41176470588235503,0.9754901960784313,62-63F,0.9754901960784313,True,1.02,2026-03-22T05:00:00Z,62.92583732057417,0.07416267942583232,0.26315789473684215,<62F,0.3779904306220096,False,1.045,2026-03-21T15:00:00Z,64.25128205128205,1.2512820512820468,0.22564102564102562,<62F,0.3025641025641026,False,0.9750000000000001
nyc,New York City / Central Park,KXHIGHNY,USW00094728,2026-03-23,50.0,6,40,2026-03-24T04:59:00Z,2026-03-24T04:00:00Z,53.13235294117647,3.132352941176471,0.9754901960784313,<54F,0.9754901960784313,True,1.02,2026-03-23T05:00:00Z,53.16256157635468,3.1625615763546833,0.9556650246305419,<54F,0.9556650246305419,True,1.015,2026-03-22T15:00:00Z,55.57038834951456,5.570388349514559,0.24757281553398058,54-55F,0.30097087378640774,False,1.03
nyc,New York City / Central Park,KXHIGHNY,USW00094728,2026-03-24,48.0,6,39,2026-03-25T04:59:00Z,2026-03-25T04:00:00Z,48.529411764705884,0.529411764705884,0.9754901960784313,48-49F,0.9754901960784313,True,1.02,2026-03-24T05:00:00Z,47.81553398058252,0.18446601941747787,0.38349514563106796,48-49F,0.38349514563106796,True,1.03,2026-03-23T15:00:00Z,48.3093023255814,0.3093023255813989,0.3395348837209302,48-49F,0.3395348837209302,True,1.075
nyc,New York City / Central Park,KXHIGHNY,USW00094728,2026-03-25,54.0,6,40,2026-03-26T04:59:00Z,2026-03-26T04:00:00Z,53.529411764705884,0.470588235294116,0.9754901960784313,53-54F,0.9754901960784313,True,1.02,2026-03-25T05:00:00Z,54.20048309178745,0.20048309178744717,0.39130434782608703,53-54F,0.39130434782608703,True,1.035,2026-03-24T15:00:00Z,53.19329896907216,0.8067010309278402,0.29896907216494845,53-54F,0.29896907216494845,True,0.9700000000000001
nyc,New York City / Central Park,KXHIGHNY,USW00094728,2026-03-26,76.0,6,38,2026-03-27T04:59:00Z,2026-03-27T04:00:00Z,72.86764705882352,3.132352941176478,0.9754901960784313,>72F,0.9754901960784313,True,1.02,2026-03-26T05:00:00Z,71.83095238095238,4.169047619047618,0.5857142857142856,>72F,0.5857142857142856,True,1.05,2026-03-25T15:00:00Z,70.54314720812182,5.456852791878177,0.3401015228426396,>72F,0.3401015228426396,True,0.985
nyc,New York City / Central Park,KXHIGHNY,USW00094728,2026-03-27,65.0,6,39,2026-03-28T04:59:00Z,2026-03-28T04:00:00Z,64.52941176470588,0.470588235294116,0.9754901960784313,64-65F,0.9754901960784313,True,1.02,2026-03-27T05:00:00Z,65.54838709677419,0.5483870967741922,0.5023041474654377,64-65F,0.5023041474654377,True,1.085,2026-03-26T15:00:00Z,63.93283582089551,1.0671641791044877,0.21393034825870644,62-63F,0.25373134328358204,False,1.0050000000000001
nyc,New York City / Central Park,KXHIGHNY,USW00094728,2026-03-28,44.0,6,39,2026-03-29T04:59:00Z,2026-03-29T04:00:00Z,44.470588235294116,0.470588235294116,0.9754901960784313,44-45F,0.9754901960784313,True,1.02,2026-03-28T05:00:00Z,43.539024390243895,0.46097560975610463,0.4390243902439024,44-45F,0.4390243902439024,True,1.0250000000000001,2026-03-27T15:00:00Z,42.765151515151516,1.2348484848484844,0.25757575757575757,42-43F,0.393939393939394,False,0.99
nyc,New York City / Central Park,KXHIGHNY,USW00094728,2026-03-29,54.0,6,39,2026-03-30T04:59:00Z,2026-03-30T04:00:00Z,54.470588235294116,0.470588235294116,0.9754901960784313,54-55F,0.9754901960784313,True,1.02,2026-03-29T05:00:00Z,54.490291262135926,0.49029126213592633,0.5194174757281553,54-55F,0.5194174757281553,True,1.03,2026-03-28T15:00:00Z,54.12686567164178,0.12686567164178086,0.3134328358208955,54-55F,0.3134328358208955,True,1.0050000000000001
nyc,New York City / Central Park,KXHIGHNY,USW00094728,2026-03-30,73.0,6,39,2026-03-31T04:59:00Z,2026-03-31T04:00:00Z,69.86764705882352,3.132352941176478,0.9754901960784313,>69F,0.9754901960784313,True,1.02,2026-03-30T05:00:00Z,67.22463768115942,5.775362318840578,0.20772946859903382,66-67F,0.41545893719806765,False,1.035,2026-03-29T15:00:00Z,66.04901960784314,6.950980392156865,0.1323529411764706,64-65F,0.2549019607843137,False,1.02
nyc,New York City / Central Park,KXHIGHNY,USW00094728,2026-03-31,81.0,6,35,2026-04-01T04:59:00Z,2026-04-01T04:00:00Z,77.86764705882354,3.132352941176464,0.9754901960784313,>77F,0.9754901960784313,True,1.02,2026-03-31T05:00:00Z,77.54368932038835,3.456310679611647,0.8106796116504854,>77F,0.8106796116504854,True,1.03,2026-03-30T15:00:00Z,76.54761904761904,4.452380952380963,0.5380952380952381,>77F,0.5380952380952381,True,1.05
nyc,New York City / Central Park,KXHIGHNY,USW00094728,2026-04-01,80.0,6,40,2026-04-02T04:59:00Z,2026-04-02T04:00:00Z,79.86764705882352,0.1323529411764781,0.9754901960784313,>79F,0.9754901960784313,True,1.02,2026-04-01T05:00:00Z,77.08215962441315,2.9178403755868487,0.1455399061032864,76-77F,0.3849765258215963,False,1.065,2026-03-31T15:00:00Z,77.83980582524272,2.1601941747572795,0.3058252427184466,78-79F,0.3058252427184466,False,1.03
nyc,New York City / Central Park,KXHIGHNY,USW00094728,2026-04-02,51.0,6,35,2026-04-03T04:59:00Z,2026-04-03T04:00:00Z,53.13235294117647,2.132352941176471,0.9754901960784313,<54F,0.9754901960784313,True,1.02,2026-04-02T05:00:00Z,53.13235294117647,2.132352941176471,0.9754901960784313,<54F,0.9754901960784313,True,1.02,2026-04-01T15:00:00Z,56.24626865671642,5.246268656716417,0.15422885572139303,56-57F,0.31840796019900497,False,1.0050000000000001
nyc,New York City / Central Park,KXHIGHNY,USW00094728,2026-04-03,66.0,6,39,2026-04-04T04:59:00Z,2026-04-04T04:00:00Z,65.58823529411764,0.41176470588236214,0.9754901960784313,65-66F,0.9754901960784313,True,1.02,2026-04-03T05:00:00Z,66.89534883720931,0.8953488372093119,0.2930232558139535,65-66F,0.2930232558139535,True,1.075,2026-04-02T15:00:00Z,67.8254716981132,1.8254716981132049,0.18396226415094338,67-68F,0.2688679245283019,False,1.06
nyc,New York City / Central Park,KXHIGHNY,USW00094728,2026-04-04,73.0,6,39,2026-04-05T04:59:00Z,2026-04-05T04:00:00Z,72.47058823529412,0.529411764705884,0.9754901960784313,72-73F,0.9754901960784313,True,1.02,2026-04-04T05:00:00Z,69.305,3.694999999999993,0.125,68-69F,0.385,False,1.0,2026-04-03T15:00:00Z,70.4658536585366,2.534146341463398,0.20000000000000004,68-69F,0.2585365853658537,False,1.025
nyc,New York City / Central Park,KXHIGHNY,USW00094728,2026-04-05,57.0,6,39,2026-04-06T04:59:00Z,2026-04-06T04:00:00Z,59.13235294117647,2.132352941176471,0.9754901960784313,<60F,0.9754901960784313,True,1.02,2026-04-05T05:00:00Z,62.4537037037037,5.453703703703702,0.24537037037037038,<60F,0.24537037037037038,True,1.08,2026-04-04T15:00:00Z,63.58252427184466,6.582524271844662,0.06310679611650485,62-63F,0.2378640776699029,False,1.03
nyc,New York City / Central Park,KXHIGHNY,USW00094728,2026-04-06,56.0,6,39,2026-04-07T04:59:00Z,2026-04-07T04:00:00Z,56.529411764705884,0.529411764705884,0.9754901960784313,56-57F,0.9754901960784313,True,1.02,2026-04-06T05:00:00Z,55.70232558139535,0.29767441860465027,0.3209302325581395,54-55F,0.3209302325581395,False,1.075,2026-04-05T15:00:00Z,56.46482412060301,0.46482412060301215,0.31155778894472363,56-57F,0.31155778894472363,True,0.995
nyc,New York City / Central Park,KXHIGHNY,USW00094728,2026-04-07,56.0,6,39,2026-04-08T04:59:00Z,2026-04-08T04:00:00Z,55.86764705882353,0.132352941176471,0.9754901960784313,>55F,0.9754901960784313,True,1.02,2026-04-07T05:00:00Z,51.99261083743843,4.007389162561573,0.03448275862068966,52-53F,0.43349753694581283,False,1.015,2026-04-06T15:00:00Z,52.157754010695186,3.842245989304814,0.1336898395721925,52-53F,0.29411764705882354,False,0.935
nyc,New York City / Central Park,KXHIGHNY,USW00094728,2026-04-08,51.0,6,39,2026-04-09T04:59:00Z,2026-04-09T04:00:00Z,50.470588235294116,0.529411764705884,0.9754901960784313,50-51F,0.9754901960784313,True,1.02,2026-04-08T05:00:00Z,50.12378640776699,0.8762135922330074,0.32038834951456313,50-51F,0.32038834951456313,True,1.03,2026-04-07T15:00:00Z,49.60098522167487,1.3990147783251317,0.2857142857142857,48-49F,0.29556650246305416,False,1.0150000000000001
nyc,New York City / Central Park,KXHIGHNY,USW00094728,2026-04-09,51.0,6,38,2026-04-10T04:59:00Z,2026-04-10T04:00:00Z,52.13235294117647,1.132352941176471,0.9754901960784313,<53F,0.9754901960784313,True,1.02,2026-04-09T05:00:00Z,53.9726368159204,2.972636815920403,0.34328358208955223,<53F,0.34328358208955223,True,1.005,2026-04-08T15:00:00Z,53.78934010152284,2.789340101522839,0.41116751269035534,<53F,0.41116751269035534,True,0.9850000000000001
nyc,New York City / Central Park,KXHIGHNY,USW00094728,2026-04-10,63.0,6,40,2026-04-11T04:59:00Z,2026-04-11T04:00:00Z,63.529411764705884,0.529411764705884,0.9754901960784313,63-64F,0.9754901960784313,True,1.02,2026-04-10T05:00:00Z,64.73459715639811,1.7345971563981095,0.26066350710900477,65-66F,0.3459715639810427,False,1.055,2026-04-09T15:00:00Z,64.13846153846153,1.1384615384615273,0.2923076923076923,63-64F,0.2923076923076923,True,0.9750000000000001
nyc,New York City / Central Park,KXHIGHNY,USW00094728,2026-04-11,63.0,6,39,2026-04-12T04:59:00Z,2026-04-12T04:00:00Z,63.529411764705884,0.529411764705884,0.9754901960784313,63-64F,0.9754901960784313,True,1.02,2026-04-11T05:00:00Z,63.611111111111114,0.6111111111111143,0.41919191919191917,63-64F,0.41919191919191917,True,0.99,2026-04-10T15:00:00Z,64.06,1.0600000000000023,0.325,63-64F,0.325,True,1.0
nyc,New York City / Central Park,KXHIGHNY,USW00094728,2026-04-12,55.0,6,39,2026-04-13T04:59:00Z,2026-04-13T04:00:00Z,55.132352941176464,0.1323529411764639,0.9754901960784313,<56F,0.9754901960784313,True,1.02,2026-04-12T05:00:00Z,57.11274509803921,2.1127450980392126,0.25,56-57F,0.4264705882352941,False,1.02,2026-04-11T15:00:00Z,57.005050505050505,2.005050505050505,0.3181818181818182,56-57F,0.35858585858585856,False,0.99
nyc,New York City / Central Park,KXHIGHNY,USW00094728,2026-04-13,79.0,6,40,2026-04-14T04:59:00Z,2026-04-14T04:00:00Z,78.47058823529412,0.529411764705884,0.9754901960784313,78-79F,0.9754901960784313,True,1.02,2026-04-13T05:00:00Z,79.15384615384616,0.1538461538461604,0.3125,78-79F,0.3125,True,1.04,2026-04-12T15:00:00Z,76.71212121212122,2.287878787878782,0.1464646464646465,76-77F,0.23737373737373738,False,0.99
nyc,New York City / Central Park,KXHIGHNY,USW00094728,2026-04-14,87.0,6,39,2026-04-15T04:59:00Z,2026-04-15T04:00:00Z,86.86764705882352,0.1323529411764781,0.9754901960784313,>86F,0.9754901960784313,True,1.02,2026-04-14T05:00:00Z,84.645,2.355000000000004,0.165,85-86F,0.43,False,1.0,2026-04-13T15:00:00Z,83.25,3.75,0.08854166666666666,85-86F,0.29687500000000006,False,0.96
nyc,New York City / Central Park,KXHIGHNY,USW00094728,2026-04-15,90.0,6,40,2026-04-16T04:59:00Z,2026-04-16T04:00:00Z,89.41176470588235,0.5882352941176521,0.9754901960784313,89-90F,0.9754901960784313,True,1.02,2026-04-15T05:00:00Z,88.34285714285714,1.6571428571428584,0.4047619047619047,89-90F,0.4047619047619047,True,1.05,2026-04-14T15:00:00Z,87.79468599033817,2.2053140096618336,0.2560386473429952,87-88F,0.2946859903381643,False,1.035
nyc,New York City / Central Park,KXHIGHNY,USW00094728,2026-04-16,89.0,6,38,2026-04-17T04:59:00Z,2026-04-17T04:00:00Z,88.47058823529412,0.529411764705884,0.9754901960784313,88-89F,0.9754901960784313,True,1.02,2026-04-16T05:00:00Z,88.90384615384615,0.0961538461538538,0.3798076923076923,88-89F,0.3798076923076923,True,1.04,2026-04-15T15:00:00Z,88.19059405940594,0.8094059405940612,0.32673267326732675,88-89F,0.32673267326732675,True,1.01
nyc,New York City / Central Park,KXHIGHNY,USW00094728,2026-04-17,81.0,6,37,2026-04-18T04:59:00Z,2026-04-18T03:00:00Z,81.47058823529412,0.470588235294116,0.9754901960784313,81-82F,0.9754901960784313,True,1.02,2026-04-17T05:00:00Z,78.37559808612441,2.6244019138755874,0.08133971291866028,77-78F,0.38755980861244027,False,1.045,2026-04-16T15:00:00Z,80.65071770334927,0.34928229665072763,0.2631578947368421,81-82F,0.2631578947368421,True,1.0450000000000002
nyc,New York City / Central Park,KXHIGHNY,USW00094728,2026-04-18,66.0,6,38,2026-04-19T04:59:00Z,2026-04-19T04:00:00Z,65.47058823529412,0.529411764705884,0.9754901960784313,65-66F,0.9754901960784313,True,1.02,2026-04-18T05:00:00Z,65.93062200956938,0.06937799043062398,0.3397129186602871,65-66F,0.3397129186602871,True,1.045,2026-04-17T15:00:00Z,66.42639593908629,0.4263959390862908,0.23857868020304568,>68F,0.27918781725888325,False,0.985
nyc,New York City / Central Park,KXHIGHNY,USW00094728,2026-04-19,53.0,6,32,2026-04-20T04:59:00Z,2026-04-20T04:00:00Z,53.13235294117647,0.132352941176471,0.9754901960784313,<54F,0.9754901960784313,True,1.02,2026-04-19T05:00:00Z,54.42067307692307,1.420673076923073,0.4326923076923077,<54F,0.4326923076923077,True,1.04,2026-04-18T15:00:00Z,55.081280788177345,2.081280788177345,0.41871921182266014,<54F,0.41871921182266014,True,1.015
nyc,New York City / Central Park,KXHIGHNY,USW00094728,2026-04-20,51.0,6,35,2026-04-21T04:59:00Z,2026-04-21T04:00:00Z,51.588235294117645,0.588235294117645,0.9754901960784313,51-52F,0.9754901960784313,True,1.02,2026-04-20T05:00:00Z,52.58653846153846,1.58653846153846,0.42788461538461536,51-52F,0.42788461538461536,True,1.04,2026-04-19T15:00:00Z,52.08695652173913,1.0869565217391326,0.19806763285024157,<51F,0.45410628019323673,False,1.035
nyc,New York City / Central Park,KXHIGHNY,USW00094728,2026-04-21,54.0,6,39,2026-04-22T04:59:00Z,2026-04-22T04:00:00Z,53.529411764705884,0.470588235294116,0.9754901960784313,53-54F,0.9754901960784313,True,1.02,2026-04-21T05:00:00Z,53.01877934272301,0.9812206572769924,0.35680751173708924,51-52F,0.3802816901408451,False,1.065,2026-04-20T15:00:00Z,52.75961538461539,1.2403846153846132,0.36538461538461536,53-54F,0.36538461538461536,True,1.04
nyc,New York City / Central Park,KXHIGHNY,USW00094728,2026-04-22,56.0,6,32,2026-04-23T04:59:00Z,2026-04-22T22:00:00Z,56.191176470588225,0.19117647058822484,0.9362745098039215,<57F,0.9362745098039215,True,1.02,2026-04-22T05:00:00Z,56.78109452736318,0.7810945273631802,0.6567164179104478,<57F,0.6567164179104478,True,1.0050000000000001,2026-04-21T15:00:00Z,57.512077294685994,1.5120772946859944,0.45410628019323673,<57F,0.45410628019323673,True,1.035
nyc,New York City / Central Park,KXHIGHNY,USW00094728,2026-04-23,73.0,6,37,2026-04-24T04:59:00Z,2026-04-24T03:00:00Z,72.47058823529412,0.529411764705884,0.9754901960784313,72-73F,0.9754901960784313,True,1.02,2026-04-23T05:00:00Z,74.0125,1.0125000000000028,0.18,74-75F,0.415,False,1.0,2026-04-22T15:00:00Z,72.82474226804123,0.17525773195876582,0.23711340206185566,74-75F,0.3453608247422681,False,0.97
nyc,New York City / Central Park,KXHIGHNY,USW00094728,2026-04-24,68.0,6,38,2026-04-25T04:59:00Z,2026-04-25T04:00:00Z,67.86764705882352,0.1323529411764781,0.9754901960784313,>67F,0.9754901960784313,True,1.02,2026-04-24T05:00:00Z,65.83018867924528,2.169811320754718,0.30660377358490565,64-65F,0.3915094339622642,False,1.06,2026-04-23T15:00:00Z,65.4275,2.572500000000005,0.225,66-67F,0.345,False,1.0
nyc,New York City / Central Park,KXHIGHNY,USW00094728,2026-04-25,50.0,6,35,2026-04-26T04:59:00Z,2026-04-26T04:00:00Z,50.13235294117647,0.132352941176471,0.9754901960784313,<51F,0.9754901960784313,True,1.02,2026-04-25T04:00:00Z,51.26682692307692,1.2668269230769198,0.4230769230769231,51-52F,0.44230769230769224,False,1.04,2026-04-24T15:00:00Z,52.13930348258707,2.139303482587067,0.3333333333333333,51-52F,0.34328358208955223,False,1.005
nyc,New York City / Central Park,KXHIGHNY,USW00094728,2026-04-26,57.0,6,39,2026-04-27T04:59:00Z,2026-04-27T04:00:00Z,57.41176470588235,0.4117647058823479,0.9754901960784313,57-58F,0.9754901960784313,True,1.02,2026-04-26T05:00:00Z,56.24384236453201,0.7561576354679929,0.2906403940886699,57-58F,0.2906403940886699,True,1.0150000000000001,2026-04-25T15:00:00Z,54.56532663316583,2.4346733668341685,0.14572864321608042,55-56F,0.32663316582914576,False,0.995
nyc,New York City / Central Park,KXHIGHNY,USW00094728,2026-04-27,68.0,6,40,2026-04-28T04:59:00Z,2026-04-28T04:00:00Z,68.41176470588235,0.4117647058823479,0.9754901960784313,68-69F,0.9754901960784313,True,1.02,2026-04-27T05:00:00Z,67.22877358490565,0.7712264150943469,0.3584905660377358,66-67F,0.40094339622641506,False,1.06,2026-04-26T15:00:00Z,66.16927083333334,1.8307291666666572,0.2552083333333333,66-67F,0.3385416666666667,False,0.96
nyc,New York City / Central Park,KXHIGHNY,USW00094728,2026-04-28,65.0,6,40,2026-04-29T04:59:00Z,2026-04-29T04:00:00Z,65.41176470588235,0.4117647058823479,0.9754901960784313,65-66F,0.9754901960784313,True,1.02,2026-04-28T05:00:00Z,65.02857142857142,0.028571428571424917,0.5285714285714286,65-66F,0.5285714285714286,True,1.05,2026-04-27T15:00:00Z,65.05555555555554,0.055555555555542924,0.27314814814814814,>66F,0.4212962962962963,False,1.08
nyc,New York City / Central Park,KXHIGHNY,USW00094728,2026-04-29,62.0,6,39,2026-04-30T04:59:00Z,2026-04-30T04:00:00Z,62.411764705882355,0.41176470588235503,0.9754901960784313,62-63F,0.9754901960784313,True,1.02,2026-04-29T05:00:00Z,60.576190476190476,1.423809523809524,0.2619047619047619,60-61F,0.4714285714285714,False,1.05,2026-04-28T15:00:00Z,59.7731707317073,2.226829268292697,0.16097560975609754,58-59F,0.2926829268292682,False,1.0250000000000001
nyc,New York City / Central Park,KXHIGHNY,USW00094728,2026-04-30,60.0,6,38,2026-05-01T04:59:00Z,2026-05-01T04:00:00Z,60.13235294117647,0.132352941176471,0.9754901960784313,<61F,0.9754901960784313,True,1.02,2026-04-30T05:00:00Z,62.01141552511415,2.0114155251141526,0.27853881278538817,61-62F,0.4155251141552511,False,1.095,2026-04-29T15:00:00Z,62.852040816326536,2.852040816326536,0.1836734693877551,63-64F,0.35714285714285715,False,0.98
nyc,New York City / Central Park,KXHIGHNY,USW00094728,2026-05-01,64.0,6,37,2026-05-02T04:59:00Z,2026-05-02T04:00:00Z,64.52941176470588,0.529411764705884,0.9754901960784313,64-65F,0.9754901960784313,True,1.02,2026-05-01T05:00:00Z,65.00000000000001,1.0000000000000142,0.4846938775510204,64-65F,0.4846938775510204,True,0.98,2026-04-30T15:00:00Z,64.94749999999999,0.9474999999999909,0.37,64-65F,0.37,True,1.0
nyc,New York City / Central Park,KXHIGHNY,USW00094728,2026-05-02,61.0,6,39,2026-05-03T04:59:00Z,2026-05-03T04:00:00Z,60.529411764705884,0.470588235294116,0.9754901960784313,60-61F,0.9754901960784313,True,1.02,2026-05-02T05:00:00Z,60.56157635467981,0.4384236453201922,0.4088669950738916,60-61F,0.4088669950738916,True,1.015,2026-05-01T15:00:00Z,60.9070351758794,0.09296482412059959,0.34673366834170855,60-61F,0.34673366834170855,True,0.995
nyc,New York City / Central Park,KXHIGHNY,USW00094728,2026-05-03,59.0,6,39,2026-05-04T04:59:00Z,2026-05-04T04:00:00Z,59.588235294117645,0.588235294117645,0.9754901960784313,59-60F,0.9754901960784313,True,1.02,2026-05-03T05:00:00Z,60.33743842364532,1.3374384236453167,0.48768472906403937,59-60F,0.48768472906403937,True,1.0150000000000001,2026-05-02T15:00:00Z,60.12686567164179,1.126865671641788,0.3233830845771144,59-60F,0.3233830845771144,True,1.0050000000000001
nyc,New York City / Central Park,KXHIGHNY,USW00094728,2026-05-04,72.0,6,39,2026-05-05T04:59:00Z,2026-05-05T04:00:00Z,72.52941176470588,0.529411764705884,0.9754901960784313,72-73F,0.9754901960784313,True,1.02,2026-05-04T05:00:00Z,72.57177033492822,0.5717703349282175,0.5454545454545454,72-73F,0.5454545454545454,True,1.0450000000000002,2026-05-03T15:00:00Z,72.61778846153845,0.6177884615384528,0.3413461538461538,72-73F,0.3413461538461538,True,1.04
chicago,Chicago / O'Hare,KXHIGHCHI,USW00094846,2026-03-01,32.0,6,39,2026-03-02T05:59:00Z,2026-03-02T05:00:00Z,31.549751243781095,0.4502487562189046,0.9651741293532339,31-32F,0.9651741293532339,True,1.005,2026-03-01T06:00:00Z,32.230000000000004,0.23000000000000398,0.34500000000000003,31-32F,0.34500000000000003,True,0.9999999999999999,2026-02-28T16:00:00Z,31.852631578947364,0.14736842105263648,0.34736842105263155,31-32F,0.34736842105263155,True,0.9500000000000001
chicago,Chicago / O'Hare,KXHIGHCHI,USW00094846,2026-03-02,43.0,6,40,2026-03-03T05:59:00Z,2026-03-03T05:00:00Z,40.589108910891085,2.4108910891089153,0.0049504950495049506,40-41F,0.9752475247524752,False,1.01,2026-03-02T06:00:00Z,43.80940594059406,0.8094059405940612,0.23267326732673266,44-45F,0.4158415841584158,False,1.01,2026-03-01T16:00:00Z,44.3939393939394,1.393939393939398,0.17676767676767677,44-45F,0.2676767676767677,False,0.99
chicago,Chicago / O'Hare,KXHIGHCHI,USW00094846,2026-03-03,42.0,6,39,2026-03-04T05:59:00Z,2026-03-04T05:00:00Z,43.470588235294116,1.470588235294116,0.004901960784313725,43-44F,0.9754901960784313,False,1.02,2026-03-03T06:00:00Z,41.98989898989899,0.010101010101010388,0.30808080808080807,41-42F,0.30808080808080807,True,0.99,2026-03-02T16:00:00Z,42.67676767676768,0.6767676767676818,0.25252525252525254,43-44F,0.30808080808080807,False,0.99
chicago,Chicago / O'Hare,KXHIGHCHI,USW00094846,2026-03-04,46.0,6,39,2026-03-05T05:59:00Z,2026-03-05T05:00:00Z,42.53,3.469999999999999,0.005,42-43F,0.975,False,1.0,2026-03-04T06:00:00Z,46.519999999999996,0.519999999999996,0.215,>47F,0.565,False,1.0,2026-03-03T16:00:00Z,46.129901960784316,0.12990196078431637,0.2843137254901961,>47F,0.4264705882352941,False,1.02
chicago,Chicago / O'Hare,KXHIGHCHI,USW00094846,2026-03-05,50.0,6,37,2026-03-06T05:59:00Z,2026-03-06T05:00:00Z,51.41176470588235,1.411764705882348,0.004901960784313725,51-52F,0.9754901960784313,False,1.02,2026-03-05T06:00:00Z,46.73543689320388,3.2645631067961176,0.08737864077669902,47-48F,0.3155339805825243,False,1.03,2026-03-04T16:00:00Z,47.039603960396036,2.960396039603964,0.20297029702970298,45-46F,0.30198019801980197,False,1.01
chicago,Chicago / O'Hare,KXHIGHCHI,USW00094846,2026-03-06,66.0,6,39,2026-03-07T05:59:00Z,2026-03-07T05:00:00Z,73.47058823529412,7.470588235294116,0.004901960784313725,73-74F,0.9754901960784313,False,1.02,2026-03-06T06:00:00Z,70.32926829268294,4.32926829268294,0.3658536585365854,<69F,0.3658536585365854,True,1.025,2026-03-05T16:00:00Z,70.33492822966508,4.334928229665081,0.27272727272727276,69-70F,0.32057416267942584,False,1.045
chicago,Chicago / O'Hare,KXHIGHCHI,USW00094846,2026-03-07,65.0,6,39,2026-03-08T05:59:00Z,2026-03-08T05:00:00Z,64.52941176470588,0.470588235294116,0.9754901960784313,64-65F,0.9754901960784313,True,1.02,2026-03-07T06:00:00Z,63.30904522613066,1.6909547738693433,0.271356783919598,62-63F,0.3768844221105528,False,0.995,2026-03-06T16:00:00Z,66.09452736318407,1.0945273631840706,0.26368159203980096,66-67F,0.3134328358208955,False,1.0050000000000001
chicago,Chicago / O'Hare,KXHIGHCHI,USW00094846,2026-03-08,62.0,6,39,2026-03-09T05:59:00Z,2026-03-09T05:00:00Z,63.470588235294116,1.470588235294116,0.004901960784313725,63-64F,0.9754901960784313,False,1.02,2026-03-08T06:00:00Z,61.33830845771145,0.6616915422885512,0.2935323383084577,61-62F,0.2935323383084577,True,1.005,2026-03-07T16:00:00Z,62.1452380952381,0.14523809523809916,0.27142857142857146,63-64F,0.28095238095238095,False,1.05
chicago,Chicago / O'Hare,KXHIGHCHI,USW00094846,2026-03-09,73.0,6,39,2026-03-10T04:59:00Z,2026-03-10T04:00:00Z,72.47058823529412,0.529411764705884,0.9754901960784313,72-73F,0.9754901960784313,True,1.02,2026-03-09T05:00:00Z,71.83658536585365,1.1634146341463492,0.28780487804878047,72-73F,0.28780487804878047,True,1.0250000000000001,2026-03-08T15:00:00Z,70.6,2.4000000000000057,0.19999999999999998,<68F,0.22564102564102562,False,0.9750000000000001
chicago,Chicago / O'Hare,KXHIGHCHI,USW00094846,2026-03-10,62.0,6,39,2026-03-11T04:59:00Z,2026-03-11T04:00:00Z,63.411764705882355,1.411764705882355,0.004901960784313725,63-64F,0.9754901960784313,False,1.02,2026-03-10T05:00:00Z,62.051546391752574,0.051546391752573584,0.39690721649484534,61-62F,0.39690721649484534,True,0.9700000000000001,2026-03-09T15:00:00Z,62.39303482587065,0.3930348258706502,0.16417910447761197,>64F,0.373134328358209,False,1.005
chicago,Chicago / O'Hare,KXHIGHCHI,USW00094846,2026-03-11,46.0,6,39,2026-03-12T04:59:00Z,2026-03-12T04:00:00Z,45.13235294117647,0.867647058823529,0.004901960784313725,<46F,0.9754901960784313,False,1.02,2026-03-11T05:00:00Z,47.28398058252427,1.283980582524272,0.5485436893203883,46-47F,0.5485436893203883,True,1.03,2026-03-10T15:00:00Z,50.57920792079208,4.579207920792079,0.10891089108910892,>53F,0.3613861386138614,False,1.01
chicago,Chicago / O'Hare,KXHIGHCHI,USW00094846,2026-03-12,45.0,6,38,2026-03-13T04:59:00Z,2026-03-13T04:00:00Z,44.590909090909086,0.4090909090909136,0.9747474747474747,44-45F,0.9747474747474747,True,0.9900000000000001,2026-03-12T05:00:00Z,47.51,2.509999999999998,0.16499999999999998,46-47F,0.245,False,1.0,2026-03-11T15:00:00Z,46.745049504950494,1.7450495049504937,0.20792079207920794,46-47F,0.3217821782178218,False,1.01
chicago,Chicago / O'Hare,KXHIGHCHI,USW00094846,2026-03-13,47.0,6,39,2026-03-14T04:59:00Z,2026-03-14T04:00:00Z,48.470588235294116,1.470588235294116,0.004901960784313725,48-49F,0.9754901960784313,False,1.02,2026-03-13T05:00:00Z,46.66062176165803,0.3393782383419719,0.36787564766839376,46-47F,0.36787564766839376,True,0.965,2026-03-12T15:00:00Z,46.30386740331492,0.6961325966850822,0.2596685082872928,44-45F,0.26519337016574585,False,0.905
chicago,Chicago / O'Hare,KXHIGHCHI,USW00094846,2026-03-14,37.0,6,39,2026-03-15T04:59:00Z,2026-03-15T04:00:00Z,38.405,1.4050000000000011,0.795,<39F,0.795,True,1.0,2026-03-14T05:00:00Z,41.58571428571429,4.585714285714289,0.14761904761904762,41-42F,0.3190476190476191,False,1.05,2026-03-13T15:00:00Z,40.415,3.414999999999999,0.265,39-40F,0.32,False,1.0
chicago,Chicago / O'Hare,KXHIGHCHI,USW00094846,2026-03-15,63.0,6,39,2026-03-16T04:59:00Z,2026-03-16T04:00:00Z,64.47058823529412,1.470588235294116,0.004901960784313725,64-65F,0.9754901960784313,False,1.02,2026-03-15T05:00:00Z,61.61190476190476,1.3880952380952394,0.2761904761904762,60-61F,0.28095238095238095,False,1.05,2026-03-14T15:00:00Z,61.97183098591549,1.0281690140845114,0.2676056338028169,60-61F,0.2676056338028169,False,1.0650000000000002
chicago,Chicago / O'Hare,KXHIGHCHI,USW00094846,2026-03-16,30.0,6,40,2026-03-17T04:59:00Z,2026-03-17T04:00:00Z,35.13235294117647,5.132352941176471,0.9754901960784313,<36F,0.9754901960784313,True,1.02,2026-03-16T05:00:00Z,35.1747572815534,5.174757281553397,0.9466019417475727,<36F,0.9466019417475727,True,1.03,2026-03-15T15:00:00Z,37.37254901960784,7.372549019607838,0.3284313725490196,<36F,0.3284313725490196,True,1.02
chicago,Chicago / O'Hare,KXHIGHCHI,USW00094846,2026-03-17,24.0,6,40,2026-03-18T04:59:00Z,2026-03-18T04:00:00Z,25.22139303482587,1.2213930348258693,0.22388059701492535,25-26F,0.6915422885572139,False,1.0050000000000001,2026-03-17T05:00:00Z,25.422705314009658,1.422705314009658,0.14009661835748793,25-26F,0.2657004830917874,False,1.0350000000000001,2026-03-16T15:00:00Z,24.745,0.745000000000001,0.25,<23F,0.265,False,1.0
chicago,Chicago / O'Hare,KXHIGHCHI,USW00094846,2026-03-18,46.0,6,40,2026-03-19T05:59:00Z,2026-03-19T05:00:00Z,46.411764705882355,0.41176470588235503,0.9754901960784313,46-47F,0.9754901960784313,True,1.02,2026-03-18T06:00:00Z,43.75345622119816,2.2465437788018434,0.14746543778801843,44-45F,0.2534562211981567,False,1.085,2026-03-17T15:00:00Z,43.11352657004831,2.8864734299516925,0.12077294685990339,42-43F,0.2318840579710145,False,1.035
chicago,Chicago / O'Hare,KXHIGHCHI,USW00094846,2026-03-19,62.0,6,38,2026-03-20T05:59:00Z,2026-03-20T05:00:00Z,55.86764705882353,6.132352941176471,0.9754901960784313,>55F,0.9754901960784313,True,1.02,2026-03-19T06:00:00Z,53.89090909090909,8.10909090909091,0.6136363636363636,>55F,0.6136363636363636,True,1.1,2026-03-18T15:00:00Z,52.11467889908256,9.885321100917437,0.22477064220183485,>55F,0.22477064220183485,True,1.09
chicago,Chicago / O'Hare,KXHIGHCHI,USW00094846,2026-03-20,72.0,6,40,2026-03-21T05:59:00Z,2026-03-21T05:00:00Z,69.86764705882352,2.132352941176478,0.9754901960784313,>69F,0.9754901960784313,True,1.02,2026-03-20T06:00:00Z,66.377990430622,5.622009569377994,0.16267942583732056,66-67F,0.2488038277511962,False,1.045,2026-03-19T15:00:00Z,64.68048780487806,7.319512195121945,0.05365853658536586,64-65F,0.29756097560975614,False,1.025
chicago,Chicago / O'Hare,KXHIGHCHI,USW00094846,2026-03-21,77.0,6,40,2026-03-22T05:59:00Z,2026-03-22T05:00:00Z,70.86764705882354,6.132352941176464,0.9754901960784313,>70F,0.9754901960784313,True,1.02,2026-03-21T06:00:00Z,70.3989898989899,6.601010101010104,0.8131313131313131,>70F,0.8131313131313131,True,0.9900000000000001,2026-03-20T15:00:00Z,68.15577889447236,8.844221105527637,0.4371859296482412,>70F,0.4371859296482412,True,0.995
chicago,Chicago / O'Hare,KXHIGHCHI,USW00094846,2026-03-22,69.0,6,40,2026-03-23T05:59:00Z,2026-03-23T05:00:00Z,65.86764705882352,3.132352941176478,0.9754901960784313,>65F,0.9754901960784313,True,1.02,2026-03-22T06:00:00Z,65.86764705882352,3.132352941176478,0.9754901960784313,>65F,0.9754901960784313,True,1.02,2026-03-21T15:00:00Z,60.67085427135679,8.329145728643212,0.07537688442211056,<58F,0.23618090452261306,False,0.995
chicago,Chicago / O'Hare,KXHIGHCHI,USW00094846,2026-03-23,43.0,6,40,2026-03-24T05:59:00Z,2026-03-24T05:00:00Z,40.588235294117645,2.411764705882355,0.004901960784313725,40-41F,0.9754901960784313,False,1.02,2026-03-23T06:00:00Z,41.33856502242153,1.6614349775784731,0.24663677130044845,<40F,0.3542600896860987,False,1.115,2026-03-22T15:00:00Z,42.494897959183675,0.5051020408163254,0.3316326530612245,42-43F,0.3316326530612245,True,0.98
chicago,Chicago / O'Hare,KXHIGHCHI,USW00094846,2026-03-24,52.0,6,41,2026-03-25T05:59:00Z,2026-03-25T05:00:00Z,52.52941176470588,0.5294117647058769,0.9754901960784313,52-53F,0.9754901960784313,True,1.02,2026-03-24T06:00:00Z,52.68357487922705,0.6835748792270522,0.3526570048309179,52-53F,0.3526570048309179,True,1.035,2026-03-23T15:00:00Z,52.62619047619047,0.6261904761904731,0.3,52-53F,0.3,True,1.05
chicago,Chicago / O'Hare,KXHIGHCHI,USW00094846,2026-03-25,71.0,6,40,2026-03-26T05:59:00Z,2026-03-26T05:00:00Z,72.41176470588235,1.411764705882348,0.004901960784313725,72-73F,0.9754901960784313,False,1.02,2026-03-25T06:00:00Z,70.307881773399,0.6921182266009964,0.2906403940886699,70-71F,0.2906403940886699,True,1.0150000000000001,2026-03-24T15:00:00Z,69.7584541062802,1.2415458937198025,0.25120772946859904,70-71F,0.25120772946859904,True,1.035
chicago,Chicago / O'Hare,KXHIGHCHI,USW00094846,2026-03-26,72.0,6,39,2026-03-27T05:59:00Z,2026-03-27T05:00:00Z,76.13235294117648,4.132352941176478,0.9754901960784313,<77F,0.9754901960784313,True,1.02,2026-03-26T06:00:00Z,76.52427184466019,4.524271844660191,0.8300970873786407,<77F,0.8300970873786407,True,1.03,2026-03-25T15:00:00Z,76.49512195121952,4.495121951219517,0.8926829268292682,<77F,0.8926829268292682,True,1.0250000000000001
chicago,Chicago / O'Hare,KXHIGHCHI,USW00094846,2026-03-27,46.0,6,40,2026-03-28T05:59:00Z,2026-03-28T05:00:00Z,43.41176470588235,2.588235294117652,0.004901960784313725,43-44F,0.9754901960784313,False,1.02,2026-03-27T06:00:00Z,42.83490566037735,3.165094339622648,0.3915094339622641,>44F,0.3915094339622641,True,1.06,2026-03-26T15:00:00Z,41.68382352941177,4.316176470588232,0.1911764705882353,41-42F,0.2549019607843137,False,1.02
chicago,Chicago / O'Hare,KXHIGHCHI,USW00094846,2026-03-28,48.0,6,40,2026-03-29T05:59:00Z,2026-03-29T05:00:00Z,47.66585365853659,0.33414634146340916,0.9365853658536586,47-48F,0.9365853658536586,True,1.025,2026-03-28T06:00:00Z,49.81481481481481,1.8148148148148096,0.15277777777777776,49-50F,0.449074074074074,False,1.08,2026-03-27T15:00:00Z,49.173469387755105,1.1734693877551052,0.2602040816326531,49-50F,0.3163265306122449,False,0.98
chicago,Chicago / O'Hare,KXHIGHCHI,USW00094846,2026-03-29,63.0,6,40,2026-03-30T05:59:00Z,2026-03-30T05:00:00Z,63.529411764705884,0.529411764705884,0.9754901960784313,63-64F,0.9754901960784313,True,1.02,2026-03-29T06:00:00Z,63.701005025125625,0.7010050251256246,0.21608040201005024,65-66F,0.23115577889447234,False,0.995,2026-03-28T15:00:00Z,64.24093264248705,1.2409326424870528,0.23834196891191708,65-66F,0.2746113989637306,False,0.965
chicago,Chicago / O'Hare,KXHIGHCHI,USW00094846,2026-03-30,81.0,6,40,2026-03-31T05:59:00Z,2026-03-31T05:00:00Z,80.41176470588236,0.5882352941176379,0.9754901960784313,80-81F,0.9754901960784313,True,1.02,2026-03-30T06:00:00Z,77.32089552238806,3.6791044776119435,0.22388059701492535,78-79F,0.22885572139303478,False,1.0050000000000001,2026-03-29T15:00:00Z,77.42564102564103,3.5743589743589723,0.14871794871794872,78-79F,0.2717948717948718,False,0.9750000000000001
chicago,Chicago / O'Hare,KXHIGHCHI,USW00094846,2026-03-31,68.0,6,41,2026-04-01T05:59:00Z,2026-04-01T05:00:00Z,73.13235294117646,5.132352941176464,0.9754901960784313,<74F,0.9754901960784313,True,1.02,2026-03-31T06:00:00Z,74.74768518518518,6.747685185185176,0.4583333333333333,<74F,0.4583333333333333,True,1.08,2026-03-30T15:00:00Z,75.85754189944134,7.857541899441344,0.30726256983240224,<74F,0.30726256983240224,True,0.895
chicago,Chicago / O'Hare,KXHIGHCHI,USW00094846,2026-04-01,40.0,6,39,2026-04-02T05:59:00Z,2026-04-02T04:00:00Z,42.66346153846153,2.663461538461533,0.004807692307692308,42-43F,0.923076923076923,False,1.04,2026-04-01T06:00:00Z,44.65979381443299,4.659793814432987,0.08247422680412371,44-45F,0.34536082474226804,False,0.97,2026-03-31T15:00:00Z,45.05188679245283,5.051886792452827,0.07075471698113209,44-45F,0.2688679245283019,False,1.06
chicago,Chicago / O'Hare,KXHIGHCHI,USW00094846,2026-04-02,70.0,6,37,2026-04-03T05:59:00Z,2026-04-03T04:00:00Z,70.47058823529412,0.470588235294116,0.9754901960784313,70-71F,0.9754901960784313,True,1.02,2026-04-02T06:00:00Z,68.94930875576037,1.05069124423963,0.271889400921659,68-69F,0.304147465437788,False,1.085,2026-04-01T15:00:00Z,69.74009900990099,0.2599009900990126,0.27722772277227725,70-71F,0.27722772277227725,True,1.01
chicago,Chicago / O'Hare,KXHIGHCHI,USW00094846,2026-04-03,62.0,6,35,2026-04-04T05:59:00Z,2026-04-04T05:00:00Z,62.529411764705884,0.529411764705884,0.9754901960784313,62-63F,0.9754901960784313,True,1.02,2026-04-03T06:00:00Z,62.8235294117647,0.823529411764703,0.8480392156862745,62-63F,0.8480392156862745,True,1.02,2026-04-02T15:00:00Z,62.89673913043479,0.8967391304347885,0.25,62-63F,0.25,True,0.9199999999999999
chicago,Chicago / O'Hare,KXHIGHCHI,USW00094846,2026-04-04,56.0,6,40,2026-04-05T05:59:00Z,2026-04-05T05:00:00Z,59.470588235294116,3.470588235294116,0.004901960784313725,59-60F,0.9754901960784313,False,1.02,2026-04-04T06:00:00Z,61.415841584158414,5.415841584158414,0.0049504950495049506,>62F,0.46039603960396036,False,1.01,2026-04-03T15:00:00Z,60.8848167539267,4.8848167539267,0.015706806282722512,61-62F,0.3507853403141361,False,0.9550000000000001
chicago,Chicago / O'Hare,KXHIGHCHI,USW00094846,2026-04-05,53.0,6,40,2026-04-06T05:59:00Z,2026-04-06T05:00:00Z,52.52941176470588,0.4705882352941231,0.9754901960784313,52-53F,0.9754901960784313,True,1.02,2026-04-05T06:00:00Z,52.22857142857143,0.7714285714285722,0.27142857142857146,52-53F,0.27142857142857146,True,1.05,2026-04-04T15:00:00Z,52.17085427135678,0.8291457286432191,0.3165829145728643,52-53F,0.3165829145728643,True,0.995
chicago,Chicago / O'Hare,KXHIGHCHI,USW00094846,2026-04-06,51.0,6,40,2026-04-07T05:59:00Z,2026-04-07T05:00:00Z,51.470588235294116,0.470588235294116,0.9754901960784313,51-52F,0.9754901960784313,True,1.02,2026-04-06T06:00:00Z,50.14736842105263,0.8526315789473671,0.2789473684210526,49-50F,0.33157894736842103,False,0.9500000000000001,2026-04-05T15:00:00Z,49.18783068783068,1.812169312169317,0.20634920634920634,49-50F,0.3439153439153439,False,0.9450000000000001
chicago,Chicago / O'Hare,KXHIGHCHI,USW00094846,2026-04-07,39.0,6,40,2026-04-08T05:59:00Z,2026-04-08T05:00:00Z,38.588235294117645,0.41176470588235503,0.9754901960784313,38-39F,0.9754901960784313,True,1.02,2026-04-07T06:00:00Z,39.8,0.7999999999999972,0.2590909090909091,38-39F,0.2590909090909091,True,1.1,2026-04-06T15:00:00Z,39.76865671641791,0.7686567164179081,0.36318407960199,38-39F,0.36318407960199,True,1.0050000000000001
chicago,Chicago / O'Hare,KXHIGHCHI,USW00094846,2026-04-08,71.0,6,40,2026-04-09T05:59:00Z,2026-04-09T05:00:00Z,70.86764705882354,0.1323529411764639,0.9754901960784313,>70F,0.9754901960784313,True,1.02,2026-04-08T06:00:00Z,67.2964824120603,3.7035175879397,0.14070351758793972,67-68F,0.2964824120603015,False,0.995,2026-04-07T15:00:00Z,66.46212121212122,4.537878787878782,0.07070707070707072,67-68F,0.2474747474747475,False,0.99
chicago,Chicago / O'Hare,KXHIGHCHI,USW00094846,2026-04-09,70.0,6,39,2026-04-10T05:59:00Z,2026-04-10T05:00:00Z,71.41176470588236,1.4117647058823621,0.004901960784313725,71-72F,0.9754901960784313,False,1.02,2026-04-09T06:00:00Z,69.47857142857143,0.5214285714285722,0.28095238095238095,71-72F,0.3428571428571428,False,1.05,2026-04-08T15:00:00Z,68.74371859296483,1.2562814070351749,0.23618090452261306,67-68F,0.2562814070351759,False,0.995
chicago,Chicago / O'Hare,KXHIGHCHI,USW00094846,2026-04-10,54.0,6,41,2026-04-11T05:59:00Z,2026-04-11T05:00:00Z,52.52941176470588,1.470588235294123,0.004901960784313725,52-53F,0.9754901960784313,False,1.02,2026-04-10T06:00:00Z,52.49,1.509999999999998,0.22,52-53F,0.39,False,1.0,2026-04-09T15:00:00Z,52.68599033816425,1.3140096618357475,0.20772946859903382,52-53F,0.2463768115942029,False,1.035
chicago,Chicago / O'Hare,KXHIGHCHI,USW00094846,2026-04-11,56.0,6,41,2026-04-12T05:59:00Z,2026-04-12T05:00:00Z,57.693779904306226,1.6937799043062256,0.004784688995215312,57-58F,0.7894736842105263,False,1.045,2026-04-11T06:00:00Z,56.85096153846154,0.8509615384615401,0.19711538461538464,>58F,0.3798076923076923,False,1.04,2026-04-10T15:00:00Z,55.30890052356021,0.6910994764397884,0.23560209424083772,55-56F,0.23560209424083772,True,0.955
chicago,Chicago / O'Hare,KXHIGHCHI,USW00094846,2026-04-12,81.0,6,40,2026-04-13T05:59:00Z,2026-04-13T05:00:00Z,80.41176470588236,0.5882352941176379,0.9754901960784313,80-81F,0.9754901960784313,True,1.02,2026-04-12T06:00:00Z,79.6175,1.3824999999999932,0.315,80-81F,0.315,True,1.0,2026-04-11T15:00:00Z,78.21538461538462,2.7846153846153783,0.2102564102564103,78-79F,0.2205128205128205,False,0.975
chicago,Chicago / O'Hare,KXHIGHCHI,USW00094846,2026-04-13,79.0,6,40,2026-04-14T05:59:00Z,2026-04-14T05:00:00Z,78.52941176470588,0.470588235294116,0.9754901960784313,78-79F,0.9754901960784313,True,1.02,2026-04-13T06:00:00Z,78.54901960784314,0.4509803921568647,0.26960784313725494,78-79F,0.26960784313725494,True,1.02,2026-04-12T15:00:00Z,78.98958333333334,0.010416666666657193,0.21354166666666669,80-81F,0.23437500000000003,False,0.96
chicago,Chicago / O'Hare,KXHIGHCHI,USW00094846,2026-04-14,82.0,6,40,2026-04-15T05:59:00Z,2026-04-15T05:00:00Z,82.47058823529412,0.470588235294116,0.9754901960784313,82-83F,0.9754901960784313,True,1.02,2026-04-14T06:00:00Z,81.08974358974358,0.910256410256423,0.29743589743589743,82-83F,0.29743589743589743,True,0.9750000000000001,2026-04-13T15:00:00Z,80.98461538461538,1.0153846153846189,0.19999999999999998,80-81F,0.2615384615384615,False,0.9750000000000001
chicago,Chicago / O'Hare,KXHIGHCHI,USW00094846,2026-04-15,72.0,6,40,2026-04-16T05:59:00Z,2026-04-16T05:00:00Z,73.58823529411765,1.588235294117652,0.004901960784313725,73-74F,0.9754901960784313,False,1.02,2026-04-15T06:00:00Z,74.30339805825243,2.3033980582524265,0.3203883495145631,<73F,0.3203883495145631,True,1.03,2026-04-14T15:00:00Z,75.99202127659575,3.99202127659575,0.12234042553191489,75-76F,0.2819148936170213,False,0.94
chicago,Chicago / O'Hare,KXHIGHCHI,USW00094846,2026-04-16,74.0,6,39,2026-04-17T05:59:00Z,2026-04-17T05:00:00Z,74.41176470588235,0.4117647058823479,0.9754901960784313,74-75F,0.9754901960784313,True,1.02,2026-04-16T06:00:00Z,71.78571428571428,2.2142857142857224,0.1625615763546798,72-73F,0.33990147783251223,False,1.0150000000000001,2026-04-15T15:00:00Z,70.88020833333333,3.1197916666666714,0.11979166666666664,70-71F,0.234375,False,0.9600000000000001
chicago,Chicago / O'Hare,KXHIGHCHI,USW00094846,2026-04-17,81.0,6,40,2026-04-18T05:59:00Z,2026-04-18T05:00:00Z,81.52941176470588,0.529411764705884,0.9754901960784313,81-82F,0.9754901960784313,True,1.02,2026-04-17T06:00:00Z,81.95876288659794,0.9587628865979383,0.2628865979381443,83-84F,0.29381443298969073,False,0.9700000000000001,2026-04-16T15:00:00Z,81.58205128205128,0.5820512820512818,0.20512820512820515,79-80F,0.2512820512820513,False,0.975
chicago,Chicago / O'Hare,KXHIGHCHI,USW00094846,2026-04-18,63.0,6,30,2026-04-19T05:59:00Z,2026-04-19T05:00:00Z,64.13235294117646,1.132352941176464,0.9754901960784313,<65F,0.9754901960784313,True,1.02,2026-04-18T06:00:00Z,64.23557692307692,1.2355769230769198,0.9182692307692307,<65F,0.9182692307692307,True,1.04,2026-04-17T15:00:00Z,66.78061224489797,3.7806122448979664,0.3112244897959184,<65F,0.3112244897959184,True,0.98
chicago,Chicago / O'Hare,KXHIGHCHI,USW00094846,2026-04-19,50.0,6,40,2026-04-20T05:59:00Z,2026-04-20T05:00:00Z,50.52941176470588,0.5294117647058769,0.9754901960784313,50-51F,0.9754901960784313,True,1.02,2026-04-19T06:00:00Z,50.93269230769231,0.9326923076923066,0.27403846153846156,50-51F,0.27403846153846156,True,1.04,2026-04-18T15:00:00Z,50.48536585365854,0.4853658536585428,0.33170731707317075,50-51F,0.33170731707317075,True,1.025
chicago,Chicago / O'Hare,KXHIGHCHI,USW00094846,2026-04-20,56.0,6,40,2026-04-21T05:59:00Z,2026-04-21T05:00:00Z,56.86764705882353,0.867647058823529,0.004901960784313725,>56F,0.9754901960784313,False,1.02,2026-04-20T06:00:00Z,54.67336683417086,1.3266331658291435,0.3165829145728643,55-56F,0.3165829145728643,True,0.9950000000000001,2026-04-19T15:00:00Z,53.215025906735754,2.784974093264246,0.20207253886010365,53-54F,0.30569948186528495,False,0.965
chicago,Chicago / O'Hare,KXHIGHCHI,USW00094846,2026-04-21,76.0,6,39,2026-04-22T05:59:00Z,2026-04-22T04:00:00Z,75.52941176470587,0.4705882352941302,0.9754901960784313,75-76F,0.9754901960784313,True,1.02,2026-04-21T06:00:00Z,76.3959390862944,0.3959390862944048,0.16243654822335024,77-78F,0.416243654822335,False,0.9850000000000001,2026-04-20T15:00:00Z,76.94946808510639,0.949468085106389,0.22872340425531912,77-78F,0.35106382978723405,False,0.9400000000000001
chicago,Chicago / O'Hare,KXHIGHCHI,USW00094846,2026-04-22,73.0,6,37,2026-04-23T05:59:00Z,2026-04-23T05:00:00Z,68.13235294117646,4.867647058823536,0.004901960784313725,<69F,0.9754901960784313,False,1.02,2026-04-22T06:00:00Z,70.90384615384615,2.096153846153854,0.1875,69-70F,0.2548076923076923,False,1.04,2026-04-21T15:00:00Z,71.01041666666666,1.9895833333333428,0.14583333333333334,<69F,0.2552083333333333,False,0.96
chicago,Chicago / O'Hare,KXHIGHCHI,USW00094846,2026-04-23,81.0,6,40,2026-04-24T05:59:00Z,2026-04-24T05:00:00Z,82.47058823529412,1.470588235294116,0.004901960784313725,82-83F,0.9754901960784313,False,1.02,2026-04-23T06:00:00Z,82.04976303317535,1.0497630331753527,0.22274881516587677,82-83F,0.44549763033175355,False,1.055,2026-04-22T15:00:00Z,81.66751269035534,0.6675126903553377,0.2639593908629442,80-81F,0.2639593908629442,True,0.985
chicago,Chicago / O'Hare,KXHIGHCHI,USW00094846,2026-04-24,71.0,6,38,2026-04-25T05:59:00Z,2026-04-25T05:00:00Z,70.58823529411764,0.41176470588236214,0.9754901960784313,70-71F,0.9754901960784313,True,1.02,2026-04-24T06:00:00Z,73.02227722772278,2.022277227722782,0.23267326732673266,72-73F,0.38613861386138615,False,1.01,2026-04-23T15:00:00Z,73.00777202072538,2.0077720207253833,0.20207253886010362,72-73F,0.26424870466321243,False,0.9650000000000001
chicago,Chicago / O'Hare,KXHIGHCHI,USW00094846,2026-04-25,56.0,6,35,2026-04-26T05:59:00Z,2026-04-26T00:00:00Z,56.58823529411765,0.5882352941176521,0.9754901960784313,56-57F,0.9754901960784313,True,1.02,2026-04-25T06:00:00Z,58.75000000000001,2.750000000000007,0.13,58-59F,0.275,False,1.0,2026-04-24T15:00:00Z,59.79187817258883,3.791878172588831,0.1319796954314721,58-59F,0.25380710659898476,False,0.985
chicago,Chicago / O'Hare,KXHIGHCHI,USW00094846,2026-04-26,59.0,6,41,2026-04-27T05:59:00Z,2026-04-27T05:00:00Z,60.13235294117647,1.132352941176471,0.9754901960784313,<61F,0.9754901960784313,True,1.02,2026-04-26T06:00:00Z,62.91284403669725,3.9128440366972512,0.22477064220183485,63-64F,0.27064220183486243,False,1.09,2026-04-25T15:00:00Z,64.32249999999999,5.322499999999991,0.09,63-64F,0.27,False,1.0
chicago,Chicago / O'Hare,KXHIGHCHI,USW00094846,2026-04-27,68.0,6,29,2026-04-28T05:59:00Z,2026-04-28T02:00:00Z,70.13235294117646,2.132352941176464,0.9754901960784313,<71F,0.9754901960784313,True,1.02,2026-04-27T06:00:00Z,70.60591133004925,2.6059113300492527,0.7783251231527093,<71F,0.7783251231527093,True,1.0150000000000001,2026-04-26T15:00:00Z,71.06716417910448,3.0671641791044806,0.6616915422885572,<71F,0.6616915422885572,True,1.0050000000000001
chicago,Chicago / O'Hare,KXHIGHCHI,USW00094846,2026-04-28,64.0,6,40,2026-04-29T05:59:00Z,2026-04-29T05:00:00Z,64.47058823529412,0.470588235294116,0.9754901960784313,64-65F,0.9754901960784313,True,1.02,2026-04-28T06:00:00Z,62.567961165048544,1.432038834951456,0.2038834951456311,62-63F,0.4368932038834951,False,1.03,2026-04-27T15:00:00Z,63.199004975124375,0.8009950248756255,0.26368159203980096,62-63F,0.37810945273631835,False,1.0050000000000001
chicago,Chicago / O'Hare,KXHIGHCHI,USW00094846,2026-04-29,57.0,6,40,2026-04-30T05:59:00Z,2026-04-30T05:00:00Z,56.529411764705884,0.470588235294116,0.9754901960784313,56-57F,0.9754901960784313,True,1.02,2026-04-29T06:00:00Z,57.955497382198956,0.9554973821989563,0.4397905759162304,56-57F,0.4397905759162304,True,0.9550000000000001,2026-04-28T15:00:00Z,55.81463414634147,1.1853658536585314,0.29268292682926833,54-55F,0.30243902439024395,False,1.025
chicago,Chicago / O'Hare,KXHIGHCHI,USW00094846,2026-04-30,56.0,6,39,2026-05-01T05:59:00Z,2026-05-01T05:00:00Z,55.529411764705884,0.470588235294116,0.9754901960784313,55-56F,0.9754901960784313,True,1.02,2026-04-30T06:00:00Z,54.876168224299064,1.1238317757009355,0.2663551401869159,53-54F,0.3130841121495327,False,1.07,2026-04-29T15:00:00Z,54.94306930693069,1.0569306930693116,0.2623762376237624,53-54F,0.29207920792079206,False,1.01
chicago,Chicago / O'Hare,KXHIGHCHI,USW00094846,2026-05-01,50.0,6,39,2026-05-02T05:59:00Z,2026-05-02T05:00:00Z,50.52941176470588,0.5294117647058769,0.9754901960784313,50-51F,0.9754901960784313,True,1.02,2026-05-01T06:00:00Z,48.007317073170725,1.992682926829275,0.053658536585365846,<48F,0.6682926829268292,False,1.0250000000000001,2026-04-30T15:00:00Z,49.86138613861386,0.1386138613861405,0.29207920792079206,48-49F,0.29207920792079206,False,1.01
chicago,Chicago / O'Hare,KXHIGHCHI,USW00094846,2026-05-02,57.0,6,40,2026-05-03T05:59:00Z,2026-05-03T05:00:00Z,55.470588235294116,1.529411764705884,0.004901960784313725,55-56F,0.9754901960784313,False,1.02,2026-05-02T06:00:00Z,54.00252525252525,2.9974747474747474,0.08585858585858586,55-56F,0.33333333333333337,False,0.99,2026-05-01T15:00:00Z,53.420212765957444,3.5797872340425556,0.06914893617021277,51-52F,0.324468085106383,False,0.9400000000000001
chicago,Chicago / O'Hare,KXHIGHCHI,USW00094846,2026-05-03,68.0,6,40,2026-05-04T05:59:00Z,2026-05-04T05:00:00Z,66.58823529411765,1.411764705882348,0.004901960784313725,66-67F,0.9754901960784313,False,1.02,2026-05-03T06:00:00Z,67.04398148148148,0.956018518518519,0.28703703703703703,<66F,0.3888888888888889,False,1.08,2026-05-02T15:00:00Z,67.45,0.5499999999999972,0.22499999999999998,<66F,0.335,False,1.0
chicago,Chicago / O'Hare,KXHIGHCHI,USW00094846,2026-05-04,80.0,6,41,2026-05-05T05:59:00Z,2026-05-05T05:00:00Z,80.47058823529412,0.470588235294116,0.9754901960784313,80-81F,0.9754901960784313,True,1.02,2026-05-04T06:00:00Z,79.56132075471697,0.4386792452830264,0.3490566037735849,78-79F,0.3584905660377358,False,1.06,2026-05-03T15:00:00Z,78.88916256157637,1.11083743842363,0.23152709359605914,78-79F,0.33990147783251234,False,1.015
miami,Miami,KXHIGHMIA,USW00012839,2026-03-01,84.0,6,39,2026-03-02T04:59:00Z,2026-03-02T04:00:00Z,83.86764705882352,0.1323529411764781,0.9754901960784313,>83F,0.9754901960784313,True,1.02,2026-03-01T05:00:00Z,81.1974358974359,2.802564102564105,0.2,80-81F,0.358974358974359,False,0.975,2026-02-28T16:00:00Z,79.11640211640211,4.883597883597886,0.015873015873015872,78-79F,0.3439153439153439,False,0.9450000000000001
miami,Miami,KXHIGHMIA,USW00012839,2026-03-02,82.0,6,38,2026-03-03T04:59:00Z,2026-03-03T04:00:00Z,81.41176470588235,0.5882352941176521,0.9754901960784313,81-82F,0.9754901960784313,True,1.02,2026-03-02T05:00:00Z,80.90776699029126,1.0922330097087354,0.4611650485436893,81-82F,0.4611650485436893,True,1.03,2026-03-01T16:00:00Z,79.31372549019608,2.6862745098039227,0.26960784313725494,79-80F,0.338235294117647,False,1.02
miami,Miami,KXHIGHMIA,USW00012839,2026-03-03,83.0,6,39,2026-03-04T04:59:00Z,2026-03-04T04:00:00Z,82.41176470588235,0.5882352941176521,0.9754901960784313,82-83F,0.9754901960784313,True,1.02,2026-03-03T05:00:00Z,81.39901477832512,1.6009852216748754,0.5369458128078818,82-83F,0.5369458128078818,True,1.0150000000000001,2026-03-02T16:00:00Z,81.52619047619046,1.4738095238095354,0.4428571428571428,82-83F,0.4428571428571428,True,1.05
miami,Miami,KXHIGHMIA,USW00012839,2026-03-04,81.0,6,39,2026-03-05T04:59:00Z,2026-03-05T04:00:00Z,81.47058823529412,0.470588235294116,0.9754901960784313,81-82F,0.9754901960784313,True,1.02,2026-03-04T05:00:00Z,82.83809523809524,1.8380952380952351,0.24285714285714285,83-84F,0.6428571428571429,False,1.05,2026-03-03T16:00:00Z,82.31042654028437,1.310426540284368,0.3080568720379147,83-84F,0.44075829383886256,False,1.055
miami,Miami,KXHIGHMIA,USW00012839,2026-03-05,84.0,6,36,2026-03-06T04:59:00Z,2026-03-06T04:00:00Z,84.41176470588235,0.4117647058823479,0.9754901960784313,84-85F,0.9754901960784313,True,1.02,2026-03-05T05:00:00Z,82.4423076923077,1.5576923076923066,0.15865384615384615,82-83F,0.6201923076923077,False,1.04,2026-03-04T16:00:00Z,82.8175,1.1825000000000045,0.355,82-83F,0.375,False,1.0
miami,Miami,KXHIGHMIA,USW00012839,2026-03-06,84.0,6,38,2026-03-07T04:59:00Z,2026-03-07T04:00:00Z,84.41176470588235,0.4117647058823479,0.9754901960784313,84-85F,0.9754901960784313,True,1.02,2026-03-06T05:00:00Z,83.51456310679612,0.4854368932038824,0.529126213592233,84-85F,0.529126213592233,True,1.03,2026-03-05T16:00:00Z,82.99999999999999,1.0000000000000142,0.2753623188405797,82-83F,0.48309178743961345,False,1.0350000000000001
miami,Miami,KXHIGHMIA,USW00012839,2026-03-07,83.0,6,38,2026-03-08T04:59:00Z,2026-03-08T04:00:00Z,82.47058823529412,0.529411764705884,0.9754901960784313,82-83F,0.9754901960784313,True,1.02,2026-03-07T05:00:00Z,83.10000000000001,0.10000000000000853,0.4292682926829269,82-83F,0.4292682926829269,True,1.025,2026-03-06T16:00:00Z,83.25376884422111,0.25376884422111345,0.3316582914572864,84-85F,0.3919597989949749,False,0.995
miami,Miami,KXHIGHMIA,USW00012839,2026-03-08,84.0,6,38,2026-03-09T04:59:00Z,2026-03-09T04:00:00Z,84.41176470588235,0.4117647058823479,0.9754901960784313,84-85F,0.9754901960784313,True,1.02,2026-03-08T05:00:00Z,83.71938775510205,0.2806122448979522,0.5051020408163265,84-85F,0.5051020408163265,True,0.98,2026-03-07T16:00:00Z,83.66267942583733,0.3373205741626748,0.4736842105263158,84-85F,0.4736842105263158,True,1.045
miami,Miami,KXHIGHMIA,USW00012839,2026-03-09,85.0,6,39,2026-03-10T03:59:00Z,2026-03-10T03:00:00Z,84.47058823529412,0.529411764705884,0.9754901960784313,84-85F,0.9754901960784313,True,1.02,2026-03-09T04:00:00Z,84.71739130434783,0.28260869565217206,0.5700483091787439,84-85F,0.5700483091787439,True,1.035,2026-03-08T15:00:00Z,83.90330188679245,1.0966981132075517,0.37264150943396224,84-85F,0.37264150943396224,True,1.06
miami,Miami,KXHIGHMIA,USW00012839,2026-03-10,85.0,6,38,2026-03-11T03:59:00Z,2026-03-11T03:00:00Z,84.47058823529412,0.529411764705884,0.9754901960784313,84-85F,0.9754901960784313,True,1.02,2026-03-10T04:00:00Z,84.54326923076923,0.4567307692307736,0.5913461538461539,84-85F,0.5913461538461539,True,1.04,2026-03-09T15:00:00Z,84.65763546798028,0.3423645320197153,0.5172413793103448,84-85F,0.5172413793103448,True,1.0150000000000001
miami,Miami,KXHIGHMIA,USW00012839,2026-03-11,84.0,6,38,2026-03-12T03:59:00Z,2026-03-12T03:00:00Z,83.47058823529412,0.529411764705884,0.9754901960784313,83-84F,0.9754901960784313,True,1.02,2026-03-11T04:00:00Z,84.22463768115941,0.22463768115940752,0.5217391304347826,83-84F,0.5217391304347826,True,1.0350000000000001,2026-03-10T15:00:00Z,84.42195121951221,0.42195121951220926,0.351219512195122,85-86F,0.39512195121951227,False,1.025
miami,Miami,KXHIGHMIA,USW00012839,2026-03-12,87.0,6,37,2026-03-13T03:59:00Z,2026-03-13T03:00:00Z,87.41176470588236,0.41176470588236214,0.9754901960784313,87-88F,0.9754901960784313,True,1.02,2026-03-12T04:00:00Z,86.00975609756095,0.9902439024390475,0.3268292682926829,85-86F,0.5121951219512194,False,1.0250000000000001,2026-03-11T15:00:00Z,86.46190476190476,0.538095238095238,0.3761904761904762,85-86F,0.41428571428571426,False,1.05
miami,Miami,KXHIGHMIA,USW00012839,2026-03-13,81.0,6,38,2026-03-14T03:59:00Z,2026-03-14T03:00:00Z,81.52941176470588,0.529411764705884,0.9754901960784313,81-82F,0.9754901960784313,True,1.02,2026-03-13T04:00:00Z,82.65046296296296,1.650462962962962,0.3101851851851852,83-84F,0.35648148148148145,False,1.08,2026-03-12T15:00:00Z,83.36428571428571,2.364285714285714,0.2571428571428572,83-84F,0.41428571428571426,False,1.05
miami,Miami,KXHIGHMIA,USW00012839,2026-03-14,85.0,6,38,2026-03-15T03:59:00Z,2026-03-15T03:00:00Z,85.41176470588235,0.4117647058823479,0.9754901960784313,85-86F,0.9754901960784313,True,1.02,2026-03-14T04:00:00Z,83.29807692307692,1.7019230769230802,0.3125,83-84F,0.3413461538461538,False,1.04,2026-03-13T15:00:00Z,82.2488038277512,2.7511961722487968,0.1291866028708134,81-82F,0.3397129186602871,False,1.045
miami,Miami,KXHIGHMIA,USW00012839,2026-03-15,81.0,6,38,2026-03-16T03:59:00Z,2026-03-16T03:00:00Z,81.47058823529412,0.470588235294116,0.9754901960784313,81-82F,0.9754901960784313,True,1.02,2026-03-15T04:00:00Z,81.74736842105263,0.7473684210526272,0.39473684210526316,81-82F,0.39473684210526316,True,0.95,2026-03-14T15:00:00Z,81.19014084507043,0.19014084507043094,0.35211267605633806,81-82F,0.35211267605633806,True,1.065
miami,Miami,KXHIGHMIA,USW00012839,2026-03-16,87.0,6,38,2026-03-17T03:59:00Z,2026-03-17T03:00:00Z,86.41176470588235,0.5882352941176521,0.9754901960784313,86-87F,0.9754901960784313,True,1.02,2026-03-16T04:00:00Z,85.18556701030927,1.8144329896907294,0.4175257731958763,86-87F,0.4175257731958763,True,0.9700000000000001,2026-03-15T15:00:00Z,85.10049019607844,1.8995098039215605,0.4068627450980392,86-87F,0.4068627450980392,True,1.02
miami,Miami,KXHIGHMIA,USW00012839,2026-03-17,71.0,6,37,2026-03-18T03:59:00Z,2026-03-18T02:00:00Z,72.13235294117646,1.132352941176464,0.9754901960784313,<73F,0.9754901960784313,True,1.02,2026-03-17T04:00:00Z,72.455,1.4549999999999983,0.855,<73F,0.855,True,1.0,2026-03-16T15:00:00Z,74.64832535885168,3.648325358851679,0.23444976076555024,73-74F,0.291866028708134,False,1.045
miami,Miami,KXHIGHMIA,USW00012839,2026-03-18,69.0,6,39,2026-03-19T04:59:00Z,2026-03-19T04:00:00Z,69.58823529411765,0.5882352941176521,0.9754901960784313,69-70F,0.9754901960784313,True,1.02,2026-03-18T05:00:00Z,71.37954545454546,2.3795454545454646,0.2090909090909091,71-72F,0.3363636363636364,False,1.0999999999999999,2026-03-17T15:00:00Z,71.50717703349282,2.507177033492823,0.22966507177033493,71-72F,0.3110047846889952,False,1.045
miami,Miami,KXHIGHMIA,USW00012839,2026-03-19,78.0,6,38,2026-03-20T04:59:00Z,2026-03-20T04:00:00Z,77.47058823529412,0.529411764705884,0.9754901960784313,77-78F,0.9754901960784313,True,1.02,2026-03-19T05:00:00Z,76.5,1.5,0.40654205607476634,77-78F,0.40654205607476634,True,1.07,2026-03-18T15:00:00Z,77.59268292682926,0.40731707317074495,0.39999999999999997,77-78F,0.39999999999999997,True,1.0250000000000001
miami,Miami,KXHIGHMIA,USW00012839,2026-03-20,78.0,6,40,2026-03-21T04:59:00Z,2026-03-21T04:00:00Z,78.41176470588235,0.4117647058823479,0.9754901960784313,78-79F,0.9754901960784313,True,1.02,2026-03-20T05:00:00Z,76.82648401826485,1.1735159817351501,0.26484018264840187,76-77F,0.4246575342465753,False,1.095,2026-03-19T15:00:00Z,76.4829268292683,1.517073170731706,0.19024390243902442,76-77F,0.43414634146341463,False,1.025
miami,Miami,KXHIGHMIA,USW00012839,2026-03-21,81.0,6,38,2026-03-22T04:59:00Z,2026-03-22T03:00:00Z,81.41176470588235,0.4117647058823479,0.9754901960784313,81-82F,0.9754901960784313,True,1.02,2026-03-21T05:00:00Z,80.37264150943396,0.6273584905660385,0.46698113207547165,81-82F,0.46698113207547165,True,1.06,2026-03-20T15:00:00Z,79.64814814814814,1.3518518518518619,0.27777777777777773,79-80F,0.36574074074074076,False,1.08
miami,Miami,KXHIGHMIA,USW00012839,2026-03-22,81.0,6,36,2026-03-23T04:59:00Z,2026-03-23T01:00:00Z,81.47058823529412,0.470588235294116,0.9754901960784313,81-82F,0.9754901960784313,True,1.02,2026-03-22T05:00:00Z,82.00236966824644,1.0023696682464447,0.44549763033175355,81-82F,0.44549763033175355,True,1.055,2026-03-21T15:00:00Z,81.53456221198158,0.53456221198158,0.391705069124424,81-82F,0.391705069124424,True,1.085
miami,Miami,KXHIGHMIA,USW00012839,2026-03-23,82.0,6,39,2026-03-24T04:59:00Z,2026-03-24T04:00:00Z,81.52941176470588,0.470588235294116,0.9754901960784313,81-82F,0.9754901960784313,True,1.02,2026-03-23T05:00:00Z,83.27857142857142,1.278571428571425,0.2523809523809524,83-84F,0.5380952380952381,False,1.05,2026-03-22T15:00:00Z,83.51415094339622,1.514150943396217,0.15566037735849056,83-84F,0.44811320754716977,False,1.06
miami,Miami,KXHIGHMIA,USW00012839,2026-03-24,85.0,6,39,2026-03-25T04:59:00Z,2026-03-25T04:00:00Z,84.41176470588235,0.5882352941176521,0.9754901960784313,84-85F,0.9754901960784313,True,1.02,2026-03-24T05:00:00Z,83.47393364928911,1.5260663507108916,0.39336492890995267,84-85F,0.39336492890995267,True,1.055,2026-03-23T15:00:00Z,83.64805825242718,1.3519417475728233,0.4368932038834951,84-85F,0.4368932038834951,True,1.03
miami,Miami,KXHIGHMIA,USW00012839,2026-03-25,82.0,6,40,2026-03-26T04:59:00Z,2026-03-26T04:00:00Z,81.47058823529412,0.529411764705884,0.9754901960784313,81-82F,0.9754901960784313,True,1.02,2026-03-25T05:00:00Z,82.63636363636364,0.6363636363636402,0.398989898989899,83-84F,0.4595959595959596,False,0.99,2026-03-24T15:00:00Z,82.16256157635469,0.16256157635469037,0.41871921182266014,81-82F,0.41871921182266014,True,1.015
miami,Miami,KXHIGHMIA,USW00012839,2026-03-26,83.0,6,38,2026-03-27T04:59:00Z,2026-03-27T04:00:00Z,83.41176470588235,0.4117647058823479,0.9754901960784313,83-84F,0.9754901960784313,True,1.02,2026-03-26T05:00:00Z,82.9575,0.04250000000000398,0.595,83-84F,0.595,True,1.0,2026-03-25T15:00:00Z,82.54020100502512,0.4597989949748751,0.407035175879397,81-82F,0.407035175879397,False,0.995
miami,Miami,KXHIGHMIA,USW00012839,2026-03-27,84.0,6,39,2026-03-28T04:59:00Z,2026-03-28T04:00:00Z,83.41176470588235,0.5882352941176521,0.9754901960784313,83-84F,0.9754901960784313,True,1.02,2026-03-27T05:00:00Z,83.12259615384615,0.8774038461538538,0.610576923076923,83-84F,0.610576923076923,True,1.04,2026-03-26T15:00:00Z,82.16009852216749,1.8399014778325125,0.4482758620689656,83-84F,0.4482758620689656,True,1.015
miami,Miami,KXHIGHMIA,USW00012839,2026-03-28,85.0,6,39,2026-03-29T04:59:00Z,2026-03-29T04:00:00Z,85.41176470588235,0.4117647058823479,0.9754901960784313,85-86F,0.9754901960784313,True,1.02,2026-03-28T05:00:00Z,84.7122641509434,0.28773584905660243,0.6179245283018868,85-86F,0.6179245283018868,True,1.06,2026-03-27T15:00:00Z,84.66331658291458,0.3366834170854247,0.49748743718592964,85-86F,0.49748743718592964,True,0.995
miami,Miami,KXHIGHMIA,USW00012839,2026-03-29,80.0,6,39,2026-03-30T04:59:00Z,2026-03-30T04:00:00Z,79.47058823529412,0.529411764705884,0.9754901960784313,79-80F,0.9754901960784313,True,1.02,2026-03-29T05:00:00Z,80.6766169154229,0.6766169154228976,0.31343283582089554,81-82F,0.4626865671641791,False,1.005,2026-03-28T15:00:00Z,79.18472906403942,0.8152709359605836,0.4285714285714286,79-80F,0.4285714285714286,True,1.015
miami,Miami,KXHIGHMIA,USW00012839,2026-03-30,79.0,6,38,2026-03-31T04:59:00Z,2026-03-31T04:00:00Z,78.52941176470588,0.470588235294116,0.9754901960784313,78-79F,0.9754901960784313,True,1.02,2026-03-30T05:00:00Z,80.38613861386139,1.386138613861391,0.23267326732673266,80-81F,0.4504950495049505,False,1.01,2026-03-29T15:00:00Z,79.70812182741116,0.708121827411162,0.29949238578680204,80-81F,0.49238578680203043,False,0.985
miami,Miami,KXHIGHMIA,USW00012839,2026-03-31,82.0,6,35,2026-04-01T04:59:00Z,2026-04-01T04:00:00Z,81.47058823529412,0.529411764705884,0.9754901960784313,81-82F,0.9754901960784313,True,1.02,2026-03-31T05:00:00Z,81.35365853658537,0.646341463414629,0.5707317073170732,81-82F,0.5707317073170732,True,1.025,2026-03-30T15:00:00Z,81.62796208530807,0.3720379146919299,0.46919431279620855,81-82F,0.46919431279620855,True,1.055
miami,Miami,KXHIGHMIA,USW00012839,2026-04-01,80.0,6,38,2026-04-02T04:59:00Z,2026-04-02T02:00:00Z,79.52941176470588,0.470588235294116,0.9754901960784313,79-80F,0.9754901960784313,True,1.02,2026-04-01T05:00:00Z,80.978672985782,0.9786729857819978,0.2843601895734597,81-82F,0.5639810426540285,False,1.055,2026-03-31T15:00:00Z,80.79353233830847,0.7935323383084665,0.32338308457711445,81-82F,0.4676616915422886,False,1.005
miami,Miami,KXHIGHMIA,USW00012839,2026-04-02,83.0,6,34,2026-04-03T04:59:00Z,2026-04-03T03:00:00Z,83.41176470588235,0.4117647058823479,0.9754901960784313,83-84F,0.9754901960784313,True,1.02,2026-04-02T05:00:00Z,81.20754716981132,1.7924528301886795,0.1792452830188679,81-82F,0.49056603773584906,False,1.06,2026-04-01T15:00:00Z,81.27560975609757,1.724390243902434,0.15609756097560978,81-82F,0.5609756097560976,False,1.025
miami,Miami,KXHIGHMIA,USW00012839,2026-04-03,84.0,6,39,2026-04-04T04:59:00Z,2026-04-04T04:00:00Z,84.41176470588235,0.4117647058823479,0.9754901960784313,84-85F,0.9754901960784313,True,1.02,2026-04-03T05:00:00Z,82.95098039215686,1.0490196078431353,0.3284313725490196,82-83F,0.5245098039215687,False,1.02,2026-04-02T15:00:00Z,82.62206572769954,1.3779342723004646,0.27699530516431925,82-83F,0.47887323943661975,False,1.065
miami,Miami,KXHIGHMIA,USW00012839,2026-04-04,83.0,6,39,2026-04-05T04:59:00Z,2026-04-05T04:00:00Z,82.47058823529412,0.529411764705884,0.9754901960784313,82-83F,0.9754901960784313,True,1.02,2026-04-04T05:00:00Z,82.64778325123152,0.35221674876848397,0.6256157635467979,82-83F,0.6256157635467979,True,1.0150000000000001,2026-04-03T15:00:00Z,82.22448979591836,0.7755102040816411,0.4846938775510204,82-83F,0.4846938775510204,True,0.98
miami,Miami,KXHIGHMIA,USW00012839,2026-04-05,84.0,6,39,2026-04-06T04:59:00Z,2026-04-06T04:00:00Z,83.41176470588235,0.5882352941176521,0.9754901960784313,83-84F,0.9754901960784313,True,1.02,2026-04-05T05:00:00Z,82.38118811881188,1.6188118811881225,0.48514851485148514,83-84F,0.48514851485148514,True,1.01,2026-04-04T15:00:00Z,81.85643564356435,2.143564356435647,0.35148514851485146,81-82F,0.4306930693069307,False,1.01
miami,Miami,KXHIGHMIA,USW00012839,2026-04-06,84.0,6,39,2026-04-07T04:59:00Z,2026-04-07T04:00:00Z,84.41176470588235,0.4117647058823479,0.9754901960784313,84-85F,0.9754901960784313,True,1.02,2026-04-06T05:00:00Z,83.47663551401868,0.5233644859813182,0.48130841121495327,84-85F,0.48130841121495327,True,1.07,2026-04-05T15:00:00Z,83.42187500000001,0.5781249999999858,0.5260416666666667,84-85F,0.5260416666666667,True,0.96
miami,Miami,KXHIGHMIA,USW00012839,2026-04-07,84.0,6,39,2026-04-08T04:59:00Z,2026-04-08T04:00:00Z,81.86764705882352,2.132352941176478,0.9754901960784313,>81F,0.9754901960784313,True,1.02,2026-04-07T05:00:00Z,80.623786407767,3.3762135922330003,0.48058252427184467,>81F,0.48058252427184467,True,1.03,2026-04-06T15:00:00Z,80.04040404040404,3.9595959595959584,0.34848484848484845,>81F,0.34848484848484845,True,0.99
miami,Miami,KXHIGHMIA,USW00012839,2026-04-08,83.0,6,37,2026-04-09T04:59:00Z,2026-04-09T04:00:00Z,82.21698113207547,0.7830188679245254,0.8773584905660378,82-83F,0.8773584905660378,True,1.0599999999999998,2026-04-08T05:00:00Z,80.1048780487805,2.895121951219494,0.1804878048780488,80-81F,0.3658536585365854,False,1.025,2026-04-07T15:00:00Z,80.92718446601941,2.072815533980588,0.3058252427184466,80-81F,0.34466019417475724,False,1.03
miami,Miami,KXHIGHMIA,USW00012839,2026-04-09,79.0,6,38,2026-04-10T04:59:00Z,2026-04-10T04:00:00Z,78.47058823529412,0.529411764705884,0.9754901960784313,78-79F,0.9754901960784313,True,1.02,2026-04-09T05:00:00Z,78.25700934579439,0.742990654205613,0.38785046728971956,78-79F,0.38785046728971956,True,1.07,2026-04-08T15:00:00Z,78.84688995215312,0.1531100478468801,0.368421052631579,78-79F,0.368421052631579,True,1.045
miami,Miami,KXHIGHMIA,USW00012839,2026-04-10,82.0,6,40,2026-04-11T04:59:00Z,2026-04-11T04:00:00Z,82.41176470588235,0.4117647058823479,0.9754901960784313,82-83F,0.9754901960784313,True,1.02,2026-04-10T05:00:00Z,81.13615023474179,0.8638497652582089,0.35211267605633806,80-81F,0.5164319248826291,False,1.065,2026-04-09T15:00:00Z,80.69417475728154,1.3058252427184556,0.3058252427184466,80-81F,0.4320388349514563,False,1.03
miami,Miami,KXHIGHMIA,USW00012839,2026-04-11,81.0,6,39,2026-04-12T04:59:00Z,2026-04-12T04:00:00Z,80.47058823529412,0.529411764705884,0.9754901960784313,80-81F,0.9754901960784313,True,1.02,2026-04-11T05:00:00Z,80.22727272727273,0.7727272727272663,0.6028708133971292,80-81F,0.6028708133971292,True,1.045,2026-04-10T15:00:00Z,80.385,0.6149999999999949,0.495,80-81F,0.495,True,1.0
miami,Miami,KXHIGHMIA,USW00012839,2026-04-12,81.0,6,39,2026-04-13T04:59:00Z,2026-04-13T04:00:00Z,81.47058823529412,0.470588235294116,0.9754901960784313,81-82F,0.9754901960784313,True,1.02,2026-04-12T05:00:00Z,81.41625615763547,0.4162561576354733,0.645320197044335,81-82F,0.645320197044335,True,1.0150000000000001,2026-04-11T15:00:00Z,81.11352657004831,0.11352657004830746,0.5265700483091788,81-82F,0.5265700483091788,True,1.0350000000000001
miami,Miami,KXHIGHMIA,USW00012839,2026-04-13,82.0,6,40,2026-04-14T04:59:00Z,2026-04-14T04:00:00Z,81.47058823529412,0.529411764705884,0.9754901960784313,81-82F,0.9754901960784313,True,1.02,2026-04-13T05:00:00Z,81.60096153846153,0.399038461538467,0.6778846153846153,81-82F,0.6778846153846153,True,1.04,2026-04-12T15:00:00Z,81.775,0.22499999999999432,0.5650000000000001,81-82F,0.5650000000000001,True,0.9999999999999999
miami,Miami,KXHIGHMIA,USW00012839,2026-04-14,83.0,6,39,2026-04-15T04:59:00Z,2026-04-15T04:00:00Z,83.41176470588235,0.4117647058823479,0.9754901960784313,83-84F,0.9754901960784313,True,1.02,2026-04-14T05:00:00Z,81.98372093023256,1.0162790697674353,0.41395348837209306,83-84F,0.41395348837209306,True,1.075,2026-04-13T15:00:00Z,82.11792452830188,0.8820754716981156,0.3160377358490566,81-82F,0.49528301886792453,False,1.06
miami,Miami,KXHIGHMIA,USW00012839,2026-04-15,81.0,6,40,2026-04-16T04:59:00Z,2026-04-16T04:00:00Z,81.47058823529412,0.470588235294116,0.9754901960784313,81-82F,0.9754901960784313,True,1.02,2026-04-15T05:00:00Z,81.34653465346535,0.34653465346535484,0.6386138613861386,81-82F,0.6386138613861386,True,1.01,2026-04-14T15:00:00Z,81.55528846153847,0.555288461538467,0.5192307692307693,81-82F,0.5192307692307693,True,1.04
miami,Miami,KXHIGHMIA,USW00012839,2026-04-16,82.0,6,38,2026-04-17T04:59:00Z,2026-04-17T04:00:00Z,82.47058823529412,0.470588235294116,0.9754901960784313,82-83F,0.9754901960784313,True,1.02,2026-04-16T05:00:00Z,83.0560975609756,1.0560975609756014,0.5463414634146341,82-83F,0.5463414634146341,True,1.0250000000000001,2026-04-15T15:00:00Z,82.86320754716981,0.8632075471698073,0.46698113207547165,82-83F,0.46698113207547165,True,1.06
miami,Miami,KXHIGHMIA,USW00012839,2026-04-17,85.0,6,37,2026-04-18T04:59:00Z,2026-04-18T04:00:00Z,84.47058823529412,0.529411764705884,0.9754901960784313,84-85F,0.9754901960784313,True,1.02,2026-04-17T05:00:00Z,85.08018867924528,0.08018867924528195,0.47641509433962265,84-85F,0.47641509433962265,True,1.06,2026-04-16T15:00:00Z,85.87203791469194,0.8720379146919441,0.24170616113744078,86-87F,0.5639810426540285,False,1.055
miami,Miami,KXHIGHMIA,USW00012839,2026-04-18,86.0,6,32,2026-04-19T04:59:00Z,2026-04-19T04:00:00Z,85.47058823529412,0.529411764705884,0.9754901960784313,85-86F,0.9754901960784313,True,1.02,2026-04-18T05:00:00Z,85.69138755980862,0.3086124401913821,0.6267942583732058,85-86F,0.6267942583732058,True,1.045,2026-04-17T15:00:00Z,86.38780487804875,0.38780487804875463,0.31707317073170727,87-88F,0.5121951219512194,False,1.0250000000000001
miami,Miami,KXHIGHMIA,USW00012839,2026-04-19,88.0,6,37,2026-04-20T04:59:00Z,2026-04-20T04:00:00Z,87.41176470588236,0.5882352941176379,0.9754901960784313,87-88F,0.9754901960784313,True,1.02,2026-04-19T05:00:00Z,86.73039215686275,1.2696078431372513,0.5343137254901961,87-88F,0.5343137254901961,True,1.02,2026-04-18T15:00:00Z,86.80952380952381,1.1904761904761898,0.4714285714285714,87-88F,0.4714285714285714,True,1.05
miami,Miami,KXHIGHMIA,USW00012839,2026-04-20,86.0,6,38,2026-04-21T04:59:00Z,2026-04-21T04:00:00Z,85.41176470588235,0.5882352941176521,0.9754901960784313,85-86F,0.9754901960784313,True,1.02,2026-04-20T05:00:00Z,84.46231155778895,1.5376884422110493,0.33668341708542715,85-86F,0.33668341708542715,True,0.995,2026-04-19T15:00:00Z,84.00487804878047,1.9951219512195308,0.27804878048780485,83-84F,0.4341463414634146,False,1.0250000000000001
miami,Miami,KXHIGHMIA,USW00012839,2026-04-21,80.0,6,37,2026-04-22T04:59:00Z,2026-04-22T04:00:00Z,79.47058823529412,0.529411764705884,0.9754901960784313,79-80F,0.9754901960784313,True,1.02,2026-04-21T05:00:00Z,79.435960591133,0.5640394088670035,0.645320197044335,79-80F,0.645320197044335,True,1.0150000000000001,2026-04-20T15:00:00Z,79.41244239631337,0.5875576036866335,0.5023041474654378,79-80F,0.5023041474654378,True,1.085
miami,Miami,KXHIGHMIA,USW00012839,2026-04-22,81.0,6,37,2026-04-23T04:59:00Z,2026-04-23T04:00:00Z,81.41176470588235,0.4117647058823479,0.9754901960784313,81-82F,0.9754901960784313,True,1.02,2026-04-22T05:00:00Z,79.47652582159625,1.5234741784037453,0.17370892018779344,79-80F,0.6150234741784039,False,1.065,2026-04-21T15:00:00Z,79.5,1.5,0.24019607843137253,79-80F,0.47549019607843135,False,1.02
miami,Miami,KXHIGHMIA,USW00012839,2026-04-23,79.0,6,33,2026-04-24T04:59:00Z,2026-04-24T04:00:00Z,79.47058823529412,0.470588235294116,0.9754901960784313,79-80F,0.9754901960784313,True,1.02,2026-04-23T05:00:00Z,79.6580310880829,0.6580310880828932,0.5492227979274611,79-80F,0.5492227979274611,True,0.9650000000000001,2026-04-22T15:00:00Z,79.80288461538461,0.8028846153846132,0.4807692307692307,79-80F,0.4807692307692307,True,1.04
miami,Miami,KXHIGHMIA,USW00012839,2026-04-24,84.0,6,39,2026-04-25T04:59:00Z,2026-04-25T04:00:00Z,84.41176470588235,0.4117647058823479,0.9754901960784313,84-85F,0.9754901960784313,True,1.02,2026-04-24T05:00:00Z,81.62437810945273,2.375621890547265,0.09452736318407962,82-83F,0.472636815920398,False,1.005,2026-04-23T15:00:00Z,81.8708133971292,2.129186602870803,0.11961722488038279,82-83F,0.4258373205741627,False,1.045
miami,Miami,KXHIGHMIA,USW00012839,2026-04-25,85.0,6,34,2026-04-26T04:59:00Z,2026-04-26T04:00:00Z,85.41176470588235,0.4117647058823479,0.9754901960784313,85-86F,0.9754901960784313,True,1.02,2026-04-25T05:00:00Z,85.07213930348257,0.07213930348257236,0.6318407960199004,85-86F,0.6318407960199004,True,1.0050000000000001,2026-04-24T15:00:00Z,84.64320388349515,0.356796116504853,0.5,85-86F,0.5,True,1.03
miami,Miami,KXHIGHMIA,USW00012839,2026-04-26,88.0,6,35,2026-04-27T04:59:00Z,2026-04-27T04:00:00Z,87.86764705882354,0.1323529411764639,0.9754901960784313,>87F,0.9754901960784313,True,1.02,2026-04-26T05:00:00Z,86.27934272300469,1.7206572769953112,0.22065727699530516,86-87F,0.568075117370892,False,1.065,2026-04-25T15:00:00Z,86.32038834951456,1.679611650485441,0.35436893203883496,86-87F,0.41262135922330095,False,1.03
miami,Miami,KXHIGHMIA,USW00012839,2026-04-27,88.0,6,38,2026-04-28T04:59:00Z,2026-04-28T04:00:00Z,87.41176470588236,0.5882352941176379,0.9754901960784313,87-88F,0.9754901960784313,True,1.02,2026-04-27T05:00:00Z,87.53827751196172,0.4617224880382764,0.5406698564593301,87-88F,0.5406698564593301,True,1.045,2026-04-26T15:00:00Z,87.47044334975368,0.5295566502463203,0.4334975369458128,87-88F,0.4334975369458128,True,1.0150000000000001
miami,Miami,KXHIGHMIA,USW00012839,2026-04-28,86.0,6,38,2026-04-29T04:59:00Z,2026-04-29T04:00:00Z,86.41176470588235,0.4117647058823479,0.9754901960784313,86-87F,0.9754901960784313,True,1.02,2026-04-28T05:00:00Z,85.94776119402985,0.052238805970148405,0.5771144278606966,86-87F,0.5771144278606966,True,1.0050000000000001,2026-04-27T15:00:00Z,85.70149253731343,0.29850746268657247,0.5422885572139303,86-87F,0.5422885572139303,True,1.0050000000000001
miami,Miami,KXHIGHMIA,USW00012839,2026-04-29,84.0,6,39,2026-04-30T04:59:00Z,2026-04-30T04:00:00Z,83.52941176470588,0.470588235294116,0.9754901960784313,83-84F,0.9754901960784313,True,1.02,2026-04-29T05:00:00Z,87.07142857142857,3.0714285714285694,0.03333333333333333,87-88F,0.5857142857142856,False,1.05,2026-04-28T15:00:00Z,87.27073170731705,3.2707317073170543,0.03414634146341463,87-88F,0.5121951219512194,False,1.0250000000000001
miami,Miami,KXHIGHMIA,USW00012839,2026-04-30,87.0,6,38,2026-05-01T04:59:00Z,2026-05-01T04:00:00Z,87.47058823529412,0.470588235294116,0.9754901960784313,87-88F,0.9754901960784313,True,1.02,2026-04-30T05:00:00Z,88.975,1.9749999999999943,0.24,89-90F,0.515,False,1.0,2026-04-29T15:00:00Z,89.275,2.2750000000000057,0.2,89-90F,0.505,False,1.0
miami,Miami,KXHIGHMIA,USW00012839,2026-05-01,87.0,6,36,2026-05-02T04:59:00Z,2026-05-02T04:00:00Z,86.52941176470588,0.470588235294116,0.9754901960784313,86-87F,0.9754901960784313,True,1.02,2026-05-01T05:00:00Z,89.20967741935485,2.209677419354847,0.06451612903225808,88-89F,0.4470046082949309,False,1.085,2026-04-30T15:00:00Z,89.5,2.5,0.1285714285714286,90-91F,0.45238095238095233,False,1.05
miami,Miami,KXHIGHMIA,USW00012839,2026-05-02,94.0,6,39,2026-05-03T04:59:00Z,2026-05-03T04:00:00Z,93.41176470588235,0.5882352941176521,0.9754901960784313,93-94F,0.9754901960784313,True,1.02,2026-05-02T05:00:00Z,92.38317757009345,1.6168224299065486,0.3598130841121495,93-94F,0.3598130841121495,True,1.07,2026-05-01T15:00:00Z,93.38048780487806,0.619512195121942,0.37560975609756103,93-94F,0.37560975609756103,True,1.025
miami,Miami,KXHIGHMIA,USW00012839,2026-05-03,82.0,6,40,2026-05-04T04:59:00Z,2026-05-04T04:00:00Z,81.52941176470588,0.470588235294116,0.9754901960784313,81-82F,0.9754901960784313,True,1.02,2026-05-03T05:00:00Z,83.55940594059406,1.5594059405940612,0.21287128712871287,83-84F,0.35148514851485146,False,1.01,2026-05-02T15:00:00Z,82.67079207920793,0.6707920792079278,0.297029702970297,83-84F,0.3118811881188119,False,1.01
miami,Miami,KXHIGHMIA,USW00012839,2026-05-04,82.0,6,40,2026-05-05T04:59:00Z,2026-05-05T04:00:00Z,81.52941176470588,0.470588235294116,0.9754901960784313,81-82F,0.9754901960784313,True,1.02,2026-05-04T05:00:00Z,83.78271028037383,1.7827102803738342,0.2383177570093458,85-86F,0.32242990654205606,False,1.07,2026-05-03T15:00:00Z,82.75586854460094,0.7558685446009434,0.27699530516431925,83-84F,0.3004694835680751,False,1.065
